id,domain,status,purchase_price,renewal_price,attractiveness,demand,length,registrar,created_at,expires_at,status_verified_at
d71b3a08-0ab3-461d-b2b7-1865c4d547b4,vase.diamonds,available,54.99,54.99,high,low,4,namesilo,,,28/09/2026 11:03
175395e9-ef35-46fe-bc71-a7d3c1bc7e1a,stealth.diamonds,available,54.99,54.99,high,low,7,namesilo,,,29/09/2026 08:08
3e777cd3-6db0-4e4e-8134-d03ea8888998,workable.diamonds,available,54.99,54.99,high,low,8,namesilo,,,17/08/2026 16:53
0c210868-c233-4052-8919-ed3fc1ad77e5,mouldy.diamonds,available,54.99,54.99,medium,low,6,namesilo,,,25/08/2026 03:52
5334081b-0bbf-448e-8ff4-54d1f5ad79d2,pcl.diamonds,available,43.77,43.77,high,low,3,porkbun,,,30/09/2026 21:08
2fd85461-6225-46df-abe9-0643bdbb7f44,idiomatic.diamonds,available,57.98,72.98,medium,low,9,namecheap,,,21/08/2026 18:07
249b12f2-d25a-4a9c-9ec0-b0b7eab75a39,illnesses.diamonds,available,43.67,43.67,low,low,9,spaceship,,,01/10/2026 18:29
a966f820-01ec-4862-9dd7-a1aa333b98a1,poulet.diamonds,available,54.99,54.99,medium,low,6,namesilo,,,12/08/2026 04:55
8b04fba4-8533-4455-aedd-c9e2b1ad13b2,contributed.diamonds,available,54.99,54.99,medium,low,11,namesilo,,,29/09/2026 17:13
168ccc88-8a15-4cc2-8133-673aae6fd482,federalist.diamonds,available,42.2,42.2,medium,low,10,cloudflare,,,28/09/2026 19:11
1b272e2f-4109-454e-9c2d-614571767409,personalities.diamonds,available,54.99,54.99,medium,low,13,namesilo,,,29/09/2026 00:05
b9d139c1-df50-466e-8531-b1397189e7e7,newtonian.diamonds,available,54.99,54.99,medium,low,9,namesilo,,,03/09/2026 16:55
4c5d7d00-dd1c-40e3-8801-b52a4722b936,barytes.diamonds,available,54.99,54.99,medium,low,7,namesilo,,,22/09/2026 06:13
408e951c-9922-42d2-8566-2aec42739bf7,unexplained.diamonds,available,54.99,54.99,high,low,11,namesilo,,,29/09/2026 23:36
f247d3f7-989e-4eb5-bfd1-e2fc62b2e952,quake.diamonds,available,54.99,54.99,high,low,5,namesilo,,,29/09/2026 18:44
835cbf0d-f607-43da-a004-ff7efe52627c,moot.diamonds,available,54.99,54.99,high,low,4,namesilo,,,14/08/2026 00:31
9539bf92-bceb-4630-b82e-aceee3379b2d,acorea.diamonds,available,54.99,54.99,medium,low,6,namesilo,,,17/09/2026 02:12
85aefbfc-bbee-40a1-b931-8eae1cdada0c,bakery.diamonds,available,45.16,45.16,high,low,6,dynadot,,,01/10/2026 20:15
54fd6648-98c3-4969-ac28-b656bff9b106,javan.diamonds,available,54.99,54.99,high,low,5,namesilo,,,22/08/2026 12:30
60fcfaf9-52dc-448c-be63-c3e3d86fb06c,diplomate.diamonds,available,43.67,43.67,high,low,9,spaceship,,,29/09/2026 15:07
73aed209-9d87-4427-9f12-64afa3ca036d,tough.diamonds,available,57.98,72.98,high,low,5,namecheap,,,22/09/2026 16:19
e60360e8-467f-46ed-8444-d74303a38da9,astrocyte.diamonds,available,54.99,54.99,medium,low,9,namesilo,,,20/09/2026 17:36
5bfe3739-b84b-4f83-839b-8eea29ed099e,desecrated.diamonds,available,54.99,54.99,medium,low,10,namesilo,,,14/08/2026 03:18
62dfecb7-9746-4989-b8be-f6f2218aec7e,attacked.diamonds,available,57.98,72.98,medium,low,8,namecheap,,,25/09/2026 20:43
90051c43-d8d7-43b6-b477-c6a3c4de6fee,machiavelli.diamonds,available,45.16,45.16,high,low,11,dynadot,,,30/09/2026 04:12
b1642ec0-dc89-49da-b082-9723ab6fd095,trot.diamonds,available,43.77,43.77,high,low,4,porkbun,,,01/10/2026 02:54
3353c816-059c-40ea-95b3-9149ffe86344,prof.diamonds,available,43.67,43.67,high,low,4,spaceship,,,28/09/2026 20:15
56e6b2d1-d3a7-4f3d-a496-cd9318d8076f,glissando.diamonds,available,54.99,54.99,medium,low,9,namesilo,,,14/09/2026 21:37
9bca9e13-5abc-4fcd-a92f-151df0903748,ideals.diamonds,available,43.67,43.67,medium,low,6,spaceship,,,29/09/2026 05:10
628a8499-5541-48f6-b9aa-a9733b380091,coproduction.diamonds,available,54.99,54.99,medium,low,13,namesilo,,,30/09/2026 14:49
c2668f48-174b-4aec-bfbb-3d7370661133,crates.diamonds,available,42.2,42.2,low,low,6,cloudflare,,,01/10/2026 17:58
2f04f5fa-ba96-45a2-937c-1f030aeaf7e7,deccan.diamonds,available,54.99,54.99,medium,low,6,namesilo,,,29/09/2026 23:43
c4c6b9c3-68e0-4f20-8312-93e515401c55,aperture.diamonds,available,54.99,54.99,high,low,8,namesilo,,,19/09/2026 16:35
d71b3f16-f8bc-49ba-bd6a-fbe7d008b238,pushes.diamonds,available,45.16,45.16,low,low,6,dynadot,,,29/09/2026 06:04
0b0b826f-59f5-4fb0-977c-bd7ff728d064,dissolver.diamonds,available,54.99,54.99,medium,low,9,namesilo,,,10/09/2026 13:52
3f056a83-2c3a-425f-957a-8b70d668a763,ovary.diamonds,available,54.99,54.99,high,low,5,namesilo,,,01/10/2026 03:11
439c99e8-95bb-495b-9811-c5a93f1cf057,experimental.diamonds,available,42.2,42.2,high,low,12,cloudflare,,,01/10/2026 06:24
984b7fca-5576-4a31-ac35-7cb52447c2b4,wedded.diamonds,available,54.99,54.99,high,low,6,namesilo,,,13/09/2026 09:30
55c1a03c-519d-4770-95e4-3f76c5cabca9,infrared.diamonds,available,54.99,54.99,high,low,9,namesilo,,,04/09/2026 07:52
1cc363c2-0fdc-4ffd-97be-f877a36583d8,dekker.diamonds,available,45.16,45.16,high,low,6,dynadot,,,29/09/2026 18:35
b2fa7881-845e-4ef8-a9c5-58752baf97bb,evade.diamonds,available,43.67,43.67,high,low,5,spaceship,,,30/09/2026 17:34
def1e8be-ce5d-4435-b49b-ef8afc426094,chatham.diamonds,available,54.99,54.99,medium,low,7,namesilo,,,25/09/2026 15:25
5163b567-4ff1-4321-89bd-ff1474f0ef24,extremely.diamonds,available,57.98,72.98,medium,low,9,namecheap,,,27/09/2026 02:51
8a64c0de-b2d3-4f07-892e-6fe2af4ff0d3,antique.diamonds,premium,512,512,high,low,7,namesilo,,,21/09/2026 22:23
fd76e9b6-5767-4453-b534-46a8cc3a56bf,topical.diamonds,available,54.99,54.99,high,low,7,namesilo,,,11/09/2026 17:42
ae8b8259-14c9-43ad-a37c-8d1e0546bfab,jutland.diamonds,available,54.99,54.99,medium,low,7,namesilo,,,22/09/2026 15:18
87054f17-0a8f-47d0-bf44-f38f2cc10205,friar.diamonds,available,57.98,72.98,medium,low,5,namecheap,,,24/08/2026 20:10
6265456e-18f6-474b-bea4-03d6beab0841,toxic.diamonds,available,54.99,54.99,medium,low,5,namesilo,,,28/09/2026 09:26
057fa2e0-878f-4e1d-bc4e-bf2beda75716,agone.diamonds,available,57.98,72.98,medium,low,5,namecheap,,,
4ddb213e-4024-43e5-b423-be6c302af1bb,ahriman.diamonds,available,54.99,54.99,medium,low,7,namesilo,,,17/09/2026 20:33
1803d1ec-bc49-4820-81f6-a59903c86d9c,lodging.diamonds,available,54.99,54.99,high,low,7,namesilo,,,30/09/2026 01:55
6166cdac-cb4e-4322-83ff-b5e066c3210f,shanny.diamonds,available,54.99,54.99,medium,low,6,namesilo,,,24/09/2026 05:59
43ee722c-24f8-431a-b19d-1de0b3544281,hays.diamonds,available,54.99,54.99,medium,low,4,namesilo,,,20/09/2026 10:51
af4b8819-412b-40aa-a7d3-b25fd6512b7e,usc.diamonds,available,54.99,54.99,high,low,3,namesilo,,,25/09/2026 14:13
25721623-e311-4872-9f49-7cd02452a500,skirmish.diamonds,available,54.99,54.99,high,low,8,namesilo,,,02/10/2026 15:00
a8a4cd22-d106-40d6-9153-0d16cb1b5a25,hanged.diamonds,available,45.16,45.16,medium,low,6,dynadot,,,28/09/2026 08:24
6f92667a-68bd-4a62-9ca7-7cc5070e5939,gpo.diamonds,available,42.2,42.2,high,low,3,cloudflare,,,29/09/2026 12:57
57d1ca31-f435-4ad0-8b0c-9274931b989c,burlesque.diamonds,available,54.99,54.99,high,low,9,namesilo,,,11/08/2026 10:40
051a558b-0fcb-4f2c-ba6c-b3b6de577e5e,reclaim.diamonds,available,54.99,54.99,high,low,7,namesilo,,,29/09/2026 02:43
65cc9dea-39a3-4609-9e9d-7f8d01b37740,banditry.diamonds,available,54.99,54.99,medium,low,8,namesilo,,,22/09/2026 01:24
99aca4f1-fb57-447e-889b-e209d2073649,languages.diamonds,available,54.99,54.99,medium,low,9,namesilo,,,
01f67774-91f9-4f39-9ff9-fa3159a973e9,ordeal.diamonds,available,54.99,54.99,medium,low,6,namesilo,,,29/09/2026 07:47
83c16e3d-5adb-4f76-8cca-9b5bd8a560c5,regina.diamonds,available,45.16,45.16,high,low,6,dynadot,,,29/09/2026 13:45
ae210906-f004-4bbb-aba6-0fc92f02ba17,zhong.diamonds,available,57.98,72.98,medium,low,5,namecheap,,,30/09/2026 13:57
a724d296-0033-4c81-9a70-d1f76e4313cd,basswood.diamonds,available,75.99,75.99,medium,low,8,name.com,,,22/09/2026 12:34
6b322cbb-35bd-4885-aa00-702eea676229,coy.diamonds,available,54.99,54.99,high,low,3,namesilo,,,24/09/2026 01:10
f204c833-a391-40b9-b385-a2a8a4c2e09c,aldershot.diamonds,available,43.67,43.67,medium,low,9,spaceship,,,29/09/2026 15:14
ed7301d2-1e7a-4fe4-b9fe-3133cef07832,accomplish.diamonds,available,42.2,42.2,high,low,10,cloudflare,,,28/09/2026 06:55
c8cb4122-acda-4680-893f-dbe62f7fcf00,quayle.diamonds,available,54.99,54.99,medium,low,6,namesilo,,,01/10/2026 11:02
c2fd086f-8a08-4419-9a9a-4cbf62056f5f,employ.diamonds,available,54.99,54.99,high,low,6,namesilo,,,08/09/2026 13:39
7c5bcbcd-c025-44a6-be13-2d0c46f309f6,trans.diamonds,available,43.67,43.67,high,low,5,spaceship,,,30/09/2026 03:32
e13f05ef-2e37-46b5-8be2-7e37d8135567,cancerous.diamonds,available,54.99,54.99,medium,low,9,namesilo,,,11/08/2026 16:33
c1d5c32c-74df-4b48-886e-4a066ebd4aa8,apolitical.diamonds,available,54.99,54.99,medium,low,10,namesilo,,,06/08/2026 02:02
44aabb89-23e2-486a-abc2-23a141fd987b,bondable.diamonds,available,57.98,72.98,medium,low,8,namecheap,,,09/08/2026 23:59
a17946ea-6f03-4584-aae1-67fd78a6da0d,sorrows.diamonds,available,43.67,43.67,low,low,7,spaceship,,,01/10/2026 16:36
97e81f48-3800-4902-86d4-8de0d4dbed5a,preservation.diamonds,available,43.67,43.67,high,low,12,spaceship,,,29/09/2026 16:07
8aae6f6f-3fff-4fa1-ab55-e4d3baf7fc15,haversack.diamonds,available,54.99,54.99,high,low,9,namesilo,,,21/09/2026 14:43
b3a90bf3-8239-40d9-82b3-8b78b42360bb,continuous.diamonds,available,57.98,72.98,high,low,10,namecheap,,,23/09/2026 22:20
86e6afca-cbe5-4a41-9b99-699ecb5a6ddd,bastion.diamonds,available,54.99,54.99,high,low,7,namesilo,,,22/09/2026 12:50
7bfcb05d-9660-4360-8743-f40e94422247,sternal.diamonds,available,57.98,72.98,medium,low,7,namecheap,,,10/09/2026 20:18
2736b890-2c15-4398-9e4f-46f1484b6b6d,cauterize.diamonds,available,54.99,54.99,medium,low,9,namesilo,,,11/08/2026 14:34
33720f33-daec-4f82-afec-ba0270c80448,modulated.diamonds,available,54.99,54.99,medium,low,9,namesilo,,,25/08/2026 03:19
e7d98ddd-9629-4289-b60f-3fcfed9121bd,psychosis.diamonds,available,54.99,54.99,high,low,9,namesilo,,,30/09/2026 10:54
caf67a77-6bf6-47a1-9ce5-d17b38f463e5,slew.diamonds,available,54.99,54.99,high,low,4,namesilo,,,25/08/2026 00:42
b32ca94a-d613-4523-9b8c-81051baf2ee3,limits.diamonds,available,54.99,54.99,medium,low,6,namesilo,,,18/09/2026 15:06
d611ec04-c6c2-42ee-b468-5581be8e8e42,polytonal.diamonds,available,54.99,54.99,medium,low,9,namesilo,,,08/09/2026 23:33
34b849a3-fa13-4309-b079-bb5a54128ab6,bundle.diamonds,available,42.2,42.2,high,low,6,cloudflare,,,29/09/2026 02:36
6f2d187a-300f-414b-98aa-12884a0117c0,paprika.diamonds,available,54.99,54.99,high,low,7,namesilo,,,23/09/2026 05:39
fff28237-568a-4bc2-ad86-3de023d6221e,academism.diamonds,available,57.98,72.98,medium,low,9,namecheap,,,16/09/2026 20:23
b446884b-b62c-4d52-a271-b5aa31bb4af9,repairs.diamonds,premium,207.2,207.2,medium,low,7,spaceship,,,28/09/2026 18:11
b3551533-49ba-4f1b-92e0-f4ee9c1f1965,rutherford.diamonds,available,54.99,54.99,medium,low,10,namesilo,,,01/10/2026 01:41
171b46a1-1a8e-4630-9b22-613b58cfd37b,torturing.diamonds,available,54.99,54.99,medium,low,9,namesilo,,,
7d3e51c3-e981-4813-b882-f18991493add,hemal.diamonds,available,57.98,72.98,medium,low,5,namecheap,,,20/08/2026 21:41
42602f3e-00f5-44cc-9688-d2aad45a24a8,dismissed.diamonds,available,54.99,54.99,medium,low,9,namesilo,,,24/09/2026 11:01
b527343e-b5d3-4c4c-8465-59ebd5a7692c,glanced.diamonds,available,75.99,75.99,medium,low,7,name.com,,,18/09/2026 01:59
56180897-7da4-4858-8cb8-03ede8e056fd,finalized.diamonds,available,54.99,54.99,medium,low,9,namesilo,,,17/09/2026 13:05
73f330db-14f9-4ce0-8392-5e9a355a05c8,lear.diamonds,available,54.99,54.99,high,low,4,namesilo,,,30/09/2026 17:07
e0b23153-fba7-4a47-956a-498f779c8df4,foreigner.diamonds,available,54.99,54.99,high,low,9,namesilo,,,
79f0a7ae-9deb-4e2c-96e3-b6c0300d4aba,nhk.diamonds,available,42.2,42.2,medium,low,3,cloudflare,,,01/10/2026 12:30
6d3fbf8f-5b9b-4a9d-9ea4-9ccec63a2d20,cinema.diamonds,available,54.99,54.99,high,low,6,namesilo,,,01/10/2026 03:10
3a3ecf81-84a3-449a-adf7-3bb9dd385da8,axseed.diamonds,available,54.99,54.99,medium,low,6,namesilo,,,21/09/2026 10:31
48e45c21-ab72-4260-be05-16d742aafaf1,henceforth.diamonds,available,54.99,54.99,medium,low,10,namesilo,,,15/09/2026 00:15
922003b5-050f-4961-b632-8995e29ce953,otero.diamonds,available,54.99,54.99,high,low,5,namesilo,,,02/10/2026 00:57
2e4f5191-1d03-4db5-b58b-fdd976e8484b,quadrilateral.diamonds,available,43.77,43.77,high,low,13,porkbun,,,30/09/2026 19:15
5e265a9e-e0bc-46e9-82f6-425ac86c362b,incorporate.diamonds,available,54.99,54.99,high,low,11,namesilo,,,29/09/2026 02:35
6c58b299-151a-44fc-9c7d-f9aa9af3ccaf,waterless.diamonds,available,57.98,72.98,medium,low,9,namecheap,,,06/08/2026 19:03
780e9c2d-5ec3-4f51-b46d-2528213fb1d0,spoil.diamonds,available,54.99,54.99,high,low,5,namesilo,,,09/09/2026 08:16
04dcfdcf-c1f9-494f-b055-c8d67d555c34,definitely.diamonds,available,54.99,54.99,high,low,10,namesilo,,,28/09/2026 13:38
63727c29-aaf7-461d-a22a-9897253c484b,transactions.diamonds,available,57.98,72.98,high,low,12,namecheap,,,29/09/2026 02:35
9b40acde-57d0-44f6-92ea-688d7d8aae43,onomastic.diamonds,available,54.99,54.99,medium,low,9,namesilo,,,04/09/2026 15:15
145c282e-0b01-46ed-a7b1-8b4c3fd9dfce,stitches.diamonds,available,54.99,54.99,medium,low,8,namesilo,,,
07cbc692-10d0-4d94-88e6-3b3579a5f697,xanax.diamonds,available,57.98,72.98,medium,low,5,namecheap,,,18/09/2026 14:09
d43e6f56-b069-4760-a321-b987301f8ff0,possibility.diamonds,available,54.99,54.99,high,low,11,namesilo,,,25/09/2026 16:40
eb44b1e1-85c4-416f-befa-f137d053ecfc,artifact.diamonds,available,57.98,72.98,high,low,8,namecheap,,,20/09/2026 10:07
308a4ca2-2275-4a84-bb22-a87feeb8ca2d,aloe.diamonds,available,57.98,72.98,high,low,4,namecheap,,,18/09/2026 12:59
39a228d5-9d6f-41c2-9e35-4ce8f334abd3,bilberry.diamonds,available,54.99,54.99,medium,low,8,namesilo,,,23/09/2026 15:37
a12bb82f-b9b2-43c5-9c1c-cb051cadcdea,bleep.diamonds,available,54.99,54.99,high,low,5,namesilo,,,23/09/2026 01:26
e60a496e-4ff6-4995-b1a2-01948e561661,gaunt.diamonds,available,57.98,72.98,medium,low,5,namecheap,,,10/08/2026 18:54
d81f5484-6841-4969-9e48-e85164515f85,gross.diamonds,available,54.99,54.99,high,low,5,namesilo,,,24/09/2026 13:05
75124c86-de0c-49e3-a305-bff4520b925e,etcetera.diamonds,available,57.98,72.98,high,low,8,namecheap,,,13/09/2026 19:52
55f4522c-cbb5-42a7-85ca-8fbaf4ddeb6d,marginal.diamonds,available,54.99,54.99,high,low,8,namesilo,,,23/09/2026 00:04
7b423d11-362e-42ac-897b-c6c3f86a82b8,psychology.diamonds,available,42.2,42.2,high,low,10,cloudflare,,,30/09/2026 08:50
668543cd-8815-4ea2-a3e0-2b9b91c1ac6f,ascensive.diamonds,available,54.99,54.99,medium,low,9,namesilo,,,07/08/2026 00:46
cf6adb5d-a881-4f0d-87ab-61a6e2f12af0,primly.diamonds,available,57.98,72.98,medium,low,6,namecheap,,,15/09/2026 21:26
f392a18d-c31c-42fb-a46f-29b285588664,foolishly.diamonds,available,57.98,72.98,medium,low,9,namecheap,,,14/09/2026 19:22
10920e4b-1ce8-4aea-9a32-8fa70efdd53f,certification.diamonds,available,43.67,43.67,medium,low,13,spaceship,,,30/09/2026 14:36
25c619dc-eb2a-4630-9371-bc058235c77c,santa.diamonds,available,42.2,42.2,high,low,5,cloudflare,,,29/09/2026 19:01
ea6d5dcb-5e43-41a8-908e-c6b95ddec052,operative.diamonds,available,54.99,54.99,high,low,9,namesilo,,,04/09/2026 16:29
3b96130e-3585-4cab-a88e-7d3606e2bc9d,therein.diamonds,available,54.99,54.99,medium,low,7,namesilo,,,15/09/2026 07:03
2269c39e-8b6a-4daf-b724-3ba05b4d04d4,coined.diamonds,available,43.67,43.67,medium,low,6,spaceship,,,02/10/2026 01:39
8a3dbe56-1a83-40e1-bc07-23e662978004,tofu.diamonds,available,57.98,72.98,high,low,4,namecheap,,,22/09/2026 20:09
746b614f-794d-4c75-ac15-ca91e2b28f9f,symbolize.diamonds,available,54.99,54.99,high,low,9,namesilo,,,01/10/2026 04:25
85225f7a-c2d4-40a3-8ee2-0de110724f1b,undermining.diamonds,available,43.67,43.67,medium,low,11,spaceship,,,01/10/2026 15:46
58ddc964-2e74-4b85-8413-c42f02a28978,moonlit.diamonds,available,54.99,54.99,high,low,7,namesilo,,,25/08/2026 05:56
baddce51-7130-4f21-93ec-e2c4164654c6,heavenly.diamonds,available,54.99,54.99,high,low,8,namesilo,,,11/08/2026 23:21
26af7c9d-c2a7-45c5-92f0-ba064fdcf306,bayat.diamonds,available,57.98,72.98,medium,low,5,namecheap,,,22/09/2026 17:57
b86b70e6-f299-414a-aeaa-88be82b010b9,nurse.diamonds,available,54.99,54.99,high,low,5,namesilo,,,29/09/2026 22:12
400a63ad-467b-495d-89af-121813b75532,tools.diamonds,available,54.99,54.99,high,medium,5,namesilo,,,17/09/2026 15:46
ba71e3b3-a211-41d6-9f1e-90faddb92a28,animal.diamonds,available,54.99,54.99,high,low,6,namesilo,,,08/09/2026 11:39
79eac09d-1253-46c4-9ee5-f03f504aad67,finale.diamonds,available,54.99,54.99,high,low,6,namesilo,,,23/09/2026 14:46
712f70ac-f6f8-44d1-b710-c2363c3a9c41,withdrawing.diamonds,available,43.67,43.67,medium,low,11,spaceship,,,29/09/2026 21:24
91e7f9d3-1b5d-452e-9062-04d670cb5779,oftentimes.diamonds,available,57.98,72.98,medium,low,10,namecheap,,,14/09/2026 20:04
d26547a3-2079-437d-8ea2-09e63c6917ab,faked.diamonds,available,43.77,43.77,low,low,5,porkbun,,,02/10/2026 02:18
b053e152-f1b7-4b56-a7ba-eaba86c8bc19,melody.diamonds,available,45.16,45.16,high,low,6,dynadot,,,28/09/2026 02:24
25b351f6-bf6c-4361-a57b-d6e380b4c41a,downright.diamonds,available,57.98,72.98,high,low,9,namecheap,,,14/08/2026 17:50
5f4dd7a7-a574-4da4-9754-327e3fa70cb9,slovaks.diamonds,available,54.99,54.99,medium,low,7,namesilo,,,02/10/2026 03:51
d5898f51-4737-4f75-a1c9-e6953eafdc5d,zane.diamonds,available,57.98,72.98,high,low,4,namecheap,,,29/09/2026 04:01
31d05007-f801-4b4b-8051-ac3b296c6a96,tabitha.diamonds,available,54.99,54.99,medium,low,7,namesilo,,,02/10/2026 19:46
db78d91e-ea7d-4e5f-bf49-5887d4c3a5db,mara.diamonds,available,42.2,42.2,high,low,4,cloudflare,,,29/09/2026 12:05
81a6edf0-b0df-44f4-bfb7-501d7f89c4de,ambrosia.diamonds,available,54.99,54.99,high,low,8,namesilo,,,18/09/2026 17:26
692c4f78-1be4-455c-a891-fd04c24d639f,siege.diamonds,available,54.99,54.99,high,low,5,namesilo,,,23/09/2026 04:50
e4b88bb4-f26b-4a37-9521-ebe38d0073ac,external.diamonds,available,57.98,72.98,high,low,8,namecheap,,,17/08/2026 19:09
951902e0-9de8-4e2b-9cb5-2276d934ed2e,seale.diamonds,available,43.67,43.67,medium,low,5,spaceship,,,02/10/2026 18:59
c31316ae-e3f0-435d-b99a-45366db2e77d,naught.diamonds,available,54.99,54.99,medium,low,6,namesilo,,,03/09/2026 22:40
b2ec54ca-0e1a-4a98-94d0-1ab9eea91f76,harriman.diamonds,available,54.99,54.99,medium,low,8,namesilo,,,21/09/2026 09:11
18de6934-32ed-478a-8f71-388ec11b9f84,guarneri.diamonds,available,54.99,54.99,medium,low,8,namesilo,,,19/09/2026 04:22
a555fd07-ff2d-43b6-9fe4-87a14caa7cf3,decently.diamonds,available,57.98,72.98,medium,low,8,namecheap,,,13/08/2026 21:14
46604827-f0b6-4476-8eda-bb9067c24ee6,vermeer.diamonds,available,42.2,42.2,high,low,7,cloudflare,,,03/10/2026 01:21
9c202160-48d4-42d2-b93a-9d33b4661d37,apron.diamonds,available,54.99,54.99,high,low,5,namesilo,,,19/09/2026 22:32
666a8732-c684-46c8-a38e-1456e8e7e7fc,varney.diamonds,available,43.67,43.67,medium,low,6,spaceship,,,02/10/2026 20:26
88c24a82-db4b-4fdb-9202-417931389222,sumbody.diamonds,available,43.67,43.67,medium,low,7,spaceship,,,02/10/2026 04:44
534e2e17-d1b5-4f52-88f4-46a84ae1d9b2,wore.diamonds,available,54.99,54.99,high,low,4,namesilo,,,
db9d4fbb-3b76-4b95-830e-86d62f69f0de,aramean.diamonds,available,54.99,54.99,medium,low,7,namesilo,,,06/08/2026 12:02
2416b4c8-d008-45a3-b09a-6b141b5d1a15,drawings.diamonds,available,43.67,43.67,medium,low,8,spaceship,,,28/09/2026 13:09
250ba719-8452-427e-af76-8112f947e206,tanner.diamonds,available,43.67,43.67,high,low,6,spaceship,,,29/09/2026 20:24
f4f40940-03ab-4399-8557-dfbcf7f48452,yama.diamonds,available,54.99,54.99,high,low,4,namesilo,,,03/10/2026 02:22
40b2fc9a-5193-458b-a0ed-92fd4d7381e1,andes.diamonds,available,54.99,54.99,high,low,5,namesilo,,,19/09/2026 04:04
16ff8191-253f-432f-bf83-b6133aee1c64,invested.diamonds,available,45.16,45.16,high,low,8,dynadot,,,28/09/2026 13:01
6cb4a4d5-7a3c-4c61-9dfc-1c018781e5bc,rooney.diamonds,available,57.98,72.98,high,low,6,namecheap,,,27/09/2026 07:48
39df9142-a3a5-4e9d-95e9-5b286e4e78fe,stuart.diamonds,available,54.99,54.99,high,low,6,namesilo,,,25/09/2026 22:59
6988d740-41cc-4429-a6aa-e80845fb23ad,betwixt.diamonds,available,54.99,54.99,medium,low,7,namesilo,,,14/09/2026 00:01
af77c248-439f-4953-ace4-41be08210ff7,christmas.diamonds,premium,414.2,414.2,high,low,9,spaceship,,,29/09/2026 09:08
ec1c3b5e-981b-4a7e-ae0b-bc01e2d8627d,nablus.diamonds,available,54.99,54.99,medium,low,6,namesilo,,,03/10/2026 01:41
eb5b71f3-8821-4082-bc10-6d89fc4d12ea,uveal.diamonds,available,54.99,54.99,medium,low,5,namesilo,,,13/09/2026 00:22
91a64aa2-1f1d-457c-a5e0-55f60268bb7a,alexia.diamonds,available,75.99,75.99,medium,low,6,name.com,,,18/09/2026 06:04
e5867214-b802-44c0-8cc7-1c88e5358507,tobin.diamonds,available,57.98,72.98,high,low,5,namecheap,,,28/09/2026 06:04
971fe6d8-c185-4218-9615-a7ce6e5a2f42,email.diamonds,available,43.67,43.67,high,medium,6,spaceship,,,29/09/2026 17:24
5e14dc9d-5662-4594-926f-c23cce730f49,cucumbers.diamonds,available,54.99,54.99,medium,low,9,namesilo,,,20/09/2026 10:05
1e2f0858-89bc-4d83-a512-a0e5345dec2b,markedly.diamonds,available,54.99,54.99,medium,low,8,namesilo,,,15/09/2026 13:31
6d2139d2-90f3-41ce-83f0-982f9e05ada9,outrageous.diamonds,available,54.99,54.99,medium,low,10,namesilo,,,17/08/2026 17:38
10e4c113-8a95-43fe-bf0f-3f699f8c1945,aqua.diamonds,available,54.99,54.99,high,medium,4,namesilo,,,19/09/2026 22:48
594d1170-f865-4c29-a0c9-f38dd420b2f4,company.diamonds,available,54.99,54.99,high,low,7,namesilo,,,01/10/2026 22:50
a026fc73-8261-4665-adc1-43efc2a502da,programme.diamonds,available,54.99,54.99,high,low,9,namesilo,,,24/09/2026 16:59
0fe5a251-7100-4af0-9480-6bc2cde09d9e,hogan.diamonds,available,54.99,54.99,high,low,5,namesilo,,,23/09/2026 07:21
3bae616b-bed1-4002-aa9c-122ed175e210,confirms.diamonds,available,43.67,43.67,low,low,8,spaceship,,,29/09/2026 05:49
ef9212e9-8ccd-4278-8b93-bb2b1d31d6d2,profit.diamonds,available,57.98,72.98,high,low,6,namecheap,,,23/09/2026 07:56
c270bf6c-3f58-40ee-a92b-abf0d2f57f42,appears.diamonds,available,57.98,72.98,medium,low,7,namecheap,,,25/09/2026 20:18
8d4a6411-930f-4251-bf3c-c7ed60a5b88c,moldy.diamonds,available,57.98,72.98,medium,low,5,namecheap,,,25/09/2026 21:25
1fb24688-03d7-4841-b8bc-c473a6e6a2f5,angelo.diamonds,available,54.99,54.99,high,low,6,namesilo,,,25/09/2026 16:57
8be91e0f-86b3-4c2b-9e86-0eee9dd8ba66,louse.diamonds,available,57.98,72.98,medium,low,5,namecheap,,,23/09/2026 20:00
c09c1240-a203-4ab9-81a3-74577cbbc0d7,observer.diamonds,available,54.99,54.99,high,low,8,namesilo,,,27/09/2026 03:30
c0595ab9-efa6-4e42-9d38-382e37af12ac,visual.diamonds,available,57.98,72.98,high,low,6,namecheap,,,19/09/2026 17:59
128d9916-b87f-466c-9e3f-683b240f71e4,crockett.diamonds,available,83.99,83.99,medium,low,8,godaddy,,,28/09/2026 01:43
8517e2ba-f0b3-4b2b-89a1-ab9624fc9605,bloodstream.diamonds,available,57.98,72.98,high,low,11,namecheap,,,01/10/2026 04:23
4f547f8b-56f6-4511-a705-9f4f252c306b,cationic.diamonds,available,54.99,54.99,medium,low,8,namesilo,,,11/08/2026 22:07
c9a51514-9d36-4712-814f-327a6d30782d,baric.diamonds,available,54.99,54.99,low,low,5,namesilo,,,08/08/2026 19:31
d27cafd0-65c7-420f-99a5-dbe3ec2f6be7,roost.diamonds,available,43.67,43.67,high,low,5,spaceship,,,02/10/2026 06:04
3a550c44-fe16-4f71-8de9-1f577e5e7ef9,leftist.diamonds,available,54.99,54.99,medium,low,7,namesilo,,,12/08/2026 17:05
8300f38a-55d7-4396-af4e-90ab9c225a7e,cbr.diamonds,available,54.99,54.99,high,low,3,namesilo,,,02/10/2026 14:37
7e65643b-763c-4366-924e-73da52cf9062,comeback.diamonds,available,43.67,43.67,high,low,8,spaceship,,,29/09/2026 18:25
f0fd5507-f9a7-47e9-b3f0-441d56eee953,fringe.diamonds,available,54.99,54.99,high,low,6,namesilo,,,29/09/2026 01:02
4afb9e03-e00d-452f-ba09-3307e2bc1559,regret.diamonds,available,54.99,54.99,high,low,6,namesilo,,,30/09/2026 09:24
dcb05e2b-5e68-4728-a2c6-a662bea531c5,saucer.diamonds,available,54.99,54.99,high,low,6,namesilo,,,29/09/2026 15:53
2ad8beae-43c0-43eb-b468-f3382764f621,inferno.diamonds,available,57.98,72.98,high,low,7,namecheap,,,24/09/2026 17:14
9c68171b-5bf8-407c-9a66-9608dee31d87,aberrance.diamonds,available,54.99,54.99,medium,low,9,namesilo,,,16/09/2026 15:12
c0fb6323-f9af-4205-9421-7beb1f8a0632,holdings.diamonds,available,57.98,72.98,medium,low,8,namecheap,,,17/09/2026 20:27
e78a2e58-bbf7-4800-84a7-e3d3a2899162,taxman.diamonds,available,57.98,72.98,medium,low,6,namecheap,,,24/09/2026 16:18
a0815c8b-85c6-4b78-b068-c31131600ce9,luckily.diamonds,available,57.98,72.98,high,low,7,namecheap,,,13/09/2026 21:22
45741f7e-c94e-4d52-a3f4-e3fc473664db,investor.diamonds,available,42.2,42.2,high,medium,8,cloudflare,,,01/10/2026 14:20
e56ebc5e-3e50-4ab0-8147-c90217e05e34,venerable.diamonds,available,54.99,54.99,high,low,9,namesilo,,,27/09/2026 14:05
0b9b455c-d462-4f73-8d12-1aadeef634d2,ase.diamonds,available,54.99,54.99,high,low,3,namesilo,,,02/10/2026 08:42
0c719440-6111-41b6-bb36-a458126c36c1,maxilla.diamonds,available,57.98,72.98,medium,low,7,namecheap,,,24/08/2026 17:52
53fd3041-4ef6-4990-9109-96d0c7207f22,holman.diamonds,available,42.2,42.2,high,low,6,cloudflare,,,28/09/2026 04:15
17306d6d-3ec9-44fa-9588-fa9aaed3ce03,balearic.diamonds,available,54.99,54.99,medium,low,8,namesilo,,,02/10/2026 19:47
c587694b-03d1-4da4-8957-be9bbd8684ac,bustling.diamonds,available,54.99,54.99,high,low,8,namesilo,,,11/08/2026 11:21
3a1bbd95-bbbd-4935-a125-8b3d2d78e9d4,amnic.diamonds,available,54.99,54.99,medium,low,5,namesilo,,,
a8db9457-22c2-435d-b8a4-aaded635b89a,accounts.diamonds,available,57.98,72.98,medium,low,8,namecheap,,,18/09/2026 16:24
9e3d4cda-ac4f-4cb8-94dc-74a7b1f0c860,spaniards.diamonds,available,45.16,45.16,medium,low,9,dynadot,,,30/09/2026 23:47
e0f9871d-5d40-49a3-85d0-b7664253c787,finds.diamonds,available,54.99,54.99,high,low,5,namesilo,,,18/09/2026 15:38
e931a35d-ab02-4f13-97ed-419a8e630d80,ramjet.diamonds,available,54.99,54.99,medium,low,6,namesilo,,,20/09/2026 20:48
365418aa-d9bb-425c-be7c-3325a8995111,sorrowful.diamonds,available,54.99,54.99,medium,low,9,namesilo,,,10/09/2026 14:37
8b862e72-05dd-4fd0-9c2b-936f99c5b287,digging.diamonds,available,54.99,54.99,high,low,7,namesilo,,,27/09/2026 13:02
b06c0af6-3839-456a-9f79-4cefe1edd29d,schoolbook.diamonds,available,57.98,72.98,medium,low,11,namecheap,,,19/09/2026 07:03
fcaa198f-c39d-4636-bcf9-0aea77d018d2,shrewsbury.diamonds,available,42.2,42.2,medium,low,10,cloudflare,,,27/09/2026 19:32
39577c3b-bc46-4660-8d79-1c2218699b5f,elgar.diamonds,available,43.67,43.67,medium,low,5,spaceship,,,30/09/2026 17:08
9d123ddc-af35-4ab4-bde4-b3724e3f8417,point.diamonds,available,43.67,43.67,high,low,5,spaceship,,,28/09/2026 15:57
d791a72b-c93b-4a77-a457-647d2a44f2b5,montaigne.diamonds,available,43.67,43.67,high,low,9,spaceship,,,30/09/2026 18:02
bca50e27-33a8-4f53-b59f-4a07ec1edb31,boiler.diamonds,available,54.99,54.99,high,low,6,namesilo,,,28/09/2026 13:34
e81179be-135c-41be-8b34-f5ec33181b82,poles.diamonds,available,42.2,42.2,medium,low,5,cloudflare,,,29/09/2026 10:31
f5090799-2b3d-4441-8c84-34bbdd74e928,artefact.diamonds,available,57.98,72.98,high,low,8,namecheap,,,20/09/2026 10:07
2aadf977-878c-468a-b3fd-ee77d146545c,beanbag.diamonds,available,57.98,72.98,high,low,7,namecheap,,,22/09/2026 20:20
7d5b4a55-424b-42bb-88e3-b86ada87b7bf,foxes.diamonds,available,42.2,42.2,medium,low,5,cloudflare,,,30/09/2026 14:38
13187c23-5f2d-4702-9e8f-068033bdbc9d,frunze.diamonds,available,54.99,54.99,medium,low,6,namesilo,,,23/09/2026 21:44
93cbef9f-0222-467f-b17b-a207c253f5e9,disasters.diamonds,available,45.16,45.16,low,low,9,dynadot,,,29/09/2026 17:40
1c3a0df0-42c9-476f-9cb5-35dda26df27d,aragon.diamonds,available,54.99,54.99,medium,low,6,namesilo,,,19/09/2026 23:42
2b97e921-3a5f-4258-b9c4-289efc8fecf8,algin.diamonds,available,54.99,54.99,medium,low,5,namesilo,,,18/09/2026 07:04
a4feca4d-40c4-4d57-b27b-01336e5447b7,radiantly.diamonds,available,54.99,54.99,high,low,9,namesilo,,,15/09/2026 22:18
faed0794-b612-4593-95d4-15566983c7cb,close.diamonds,available,54.99,54.99,high,low,5,namesilo,,,21/09/2026 23:48
8bf9337e-1256-458d-987c-af70bc3770a9,greasewood.diamonds,available,54.99,54.99,medium,low,10,namesilo,,,24/09/2026 00:46
8af87e13-e034-4590-8fd0-1fde4a2986fe,aerie.diamonds,available,,,high,medium,5,,,,
e8e8b980-7fd3-4c8c-b4a7-3c5ba2635fdb,depict.diamonds,available,43.67,43.67,high,low,6,spaceship,,,30/09/2026 19:11
66f4acfb-74bb-4cf7-b11c-6749ca1315da,ames.diamonds,available,54.99,54.99,high,low,4,namesilo,,,25/09/2026 12:32
4cdef3e4-6cd9-41aa-b11f-71e937adc0cb,moustache.diamonds,available,57.98,72.98,high,low,9,namecheap,,,30/09/2026 18:05
0fb87cd3-5a1a-448b-995b-a16272a6c860,rented.diamonds,available,54.99,54.99,medium,low,6,namesilo,,,17/09/2026 18:45
b1f574a4-11be-4379-b346-9ef7225cb16a,plugs.diamonds,available,54.99,54.99,medium,low,5,namesilo,,,20/09/2026 11:28
2f64324a-38b3-4cbb-9e31-73222ce6a6be,errant.diamonds,available,54.99,54.99,high,low,6,namesilo,,,17/08/2026 12:44
b439bb51-3c5d-401a-b722-ddba0ad76cbc,manassas.diamonds,available,42.2,42.2,medium,low,8,cloudflare,,,29/09/2026 22:10
1c66cd26-2718-4e5e-825c-fd2385a5a76d,crossword.diamonds,available,57.98,72.98,high,low,9,namecheap,,,24/09/2026 19:41
d1eddc52-9bd9-491d-884c-ee3378ce9691,insightful.diamonds,available,54.99,54.99,high,low,10,namesilo,,,22/08/2026 07:06
83cb4538-2489-43c7-b2c3-9438013ba27a,planned.diamonds,available,54.99,54.99,high,low,7,namesilo,,,21/09/2026 22:06
7eafc3f6-759f-4698-9f45-6b3e48be4356,chadwick.diamonds,available,43.67,43.67,medium,low,8,spaceship,,,28/09/2026 08:16
85e9c153-aef3-440e-94b5-28db0bb58dff,legends.diamonds,available,45.16,45.16,high,low,7,dynadot,,,28/09/2026 18:05
6d3d9282-7994-470d-b76d-a1c517424182,gotham.diamonds,available,43.67,43.67,high,low,6,spaceship,,,30/09/2026 21:01
6cb1689e-4931-486e-8b60-3ab12a061db1,willson.diamonds,available,43.67,43.67,medium,low,7,spaceship,,,30/09/2026 05:22
2f651bab-7a5b-4bb6-88e0-7d84ce07fa97,apposition.diamonds,available,57.98,72.98,medium,low,10,namecheap,,,19/09/2026 22:03
2ac38cc4-e9aa-46c7-80cc-72e91b617d34,kyushu.diamonds,available,45.16,45.16,medium,low,6,dynadot,,,29/09/2026 01:31
e6fbe9ef-6bed-44d2-9509-97f602198eb3,pixilated.diamonds,available,54.99,54.99,low,low,9,namesilo,,,09/08/2026 15:41
2b02d0b5-4e2a-496e-8a5a-fa50d40fb2dc,lipstick.diamonds,available,54.99,54.99,high,low,8,namesilo,,,02/10/2026 05:27
20323379-aa5b-407b-9218-3be0f5b70499,icebound.diamonds,available,54.99,54.99,medium,low,8,namesilo,,,21/08/2026 17:43
17790506-37b4-4f17-b3a3-22492623dae5,elm.diamonds,available,42.2,42.2,high,low,3,cloudflare,,,30/09/2026 09:31
af76dca5-eb85-4990-a249-1dd2d2a2ad60,infinitely.diamonds,available,54.99,54.99,high,low,10,namesilo,,,14/09/2026 01:14
f842326f-4a32-48db-a585-6642a2586fbf,shoal.diamonds,available,54.99,54.99,high,low,5,namesilo,,,10/09/2026 05:46
1644f580-9c0a-48df-a07d-aa4ce0c8f974,buffer.diamonds,available,54.99,54.99,high,low,6,namesilo,,,29/09/2026 05:06
76df07b2-04af-4dba-957c-786b39750bdf,lyrical.diamonds,available,54.99,54.99,high,low,7,namesilo,,,24/08/2026 12:41
830a58bc-6bbb-49f7-9a68-97d31d2c2ef9,blat.diamonds,available,54.99,54.99,medium,low,4,namesilo,,,10/08/2026 13:38
800ebed9-232d-4027-b139-6248c9254562,ange.diamonds,available,57.98,72.98,medium,low,4,namecheap,,,03/10/2026 04:42
0efcd5a7-7693-4fb3-96fe-014478b4816b,goodness.diamonds,available,83.99,83.99,high,low,8,godaddy,,,28/09/2026 02:02
3bd55f3d-be23-40f0-8415-1b48651c2f5c,aciculate.diamonds,available,54.99,54.99,medium,low,9,namesilo,,,
11616f29-4a09-453e-8397-094faa43e5bd,blithe.diamonds,available,54.99,54.99,high,low,6,namesilo,,,10/08/2026 14:37
acaa0795-a650-4955-b86d-6d93a48fc653,oss.diamonds,available,43.77,43.77,high,low,3,porkbun,,,28/09/2026 21:16
874c868b-6d8d-4b1d-b9d4-32895b0d82f0,communication.diamonds,available,43.77,43.77,high,low,13,porkbun,,,29/09/2026 06:08
26fa4505-55f5-454c-b881-802d0ad4c5ff,ambitions.diamonds,available,54.99,54.99,medium,low,9,namesilo,,,20/09/2026 04:21
50e81e32-02c2-4732-82fd-49df98ac3231,bier.diamonds,available,54.99,54.99,medium,low,4,namesilo,,,23/09/2026 13:47
5ec0b2d6-74cf-4170-9c2e-8cf9d7c3d102,mosaic.diamonds,available,54.99,54.99,high,medium,6,namesilo,,,25/08/2026 06:45
2503dc23-6c88-4c67-bc2e-753ce07427ca,attest.diamonds,available,54.99,54.99,high,low,6,namesilo,,,24/08/2026 15:02
f8ca5a17-85b9-4114-836b-ae7e76d86f54,omitted.diamonds,available,43.77,43.77,low,low,7,porkbun,,,02/10/2026 21:15
5ea0932d-d31f-4fc1-b6ed-4b48a6c2ba85,authenticity.diamonds,available,54.99,54.99,high,low,12,namesilo,,,29/09/2026 23:07
4c53b4f4-536d-4cf4-a037-7fc3dfa6fe26,census.diamonds,available,54.99,54.99,high,low,6,namesilo,,,24/09/2026 13:32
afb1cf83-5f49-43f3-af3b-ffa698ad6dda,barbette.diamonds,available,54.99,54.99,medium,low,8,namesilo,,,22/09/2026 04:54
cf615200-2662-4120-8831-6f5d081839c3,adventist.diamonds,available,54.99,54.99,high,low,9,namesilo,,,17/09/2026 10:33
17814947-281e-460c-b4be-d0ae70d0cc4a,liquidation.diamonds,available,45.16,45.16,high,low,11,dynadot,,,02/10/2026 21:24
48460214-9eba-4e06-a920-f475c4903bd3,differential.diamonds,available,43.67,43.67,high,low,12,spaceship,,,29/09/2026 21:05
2b2b1b70-428e-4c4c-bc36-941f28627de0,polythene.diamonds,available,54.99,54.99,medium,low,9,namesilo,,,30/09/2026 07:10
1bf56cb6-537b-4ecd-ba48-0770ff778271,longest.diamonds,available,43.67,43.67,medium,low,7,spaceship,,,28/09/2026 16:14
bc17ef73-9929-4cf8-b390-c598445471b2,packsack.diamonds,available,75.99,75.99,medium,low,8,name.com,,,21/09/2026 14:40
a7dfa996-195a-4e99-9bfc-f39bdd134393,corroded.diamonds,available,54.99,54.99,medium,low,8,namesilo,,,13/08/2026 02:05
b6f98b79-443c-4e12-871f-5e52d932bffc,achillea.diamonds,available,54.99,54.99,medium,low,8,namesilo,,,17/09/2026 00:35
fa4497a3-66b5-4a98-a29d-c8ed532bca12,supplement.diamonds,available,54.99,54.99,high,low,10,namesilo,,,17/09/2026 06:43
f0ed33d6-a292-43da-b9dd-0fdc7a06436b,adynamic.diamonds,available,54.99,54.99,medium,low,8,namesilo,,,
62b9945a-9c70-4a14-b9c5-8e7643a831e6,beads.diamonds,available,45.16,45.16,high,low,5,dynadot,,,29/09/2026 01:39
246ef38c-b0f1-4a56-b494-c63031d39bfd,georgetown.diamonds,available,54.99,54.99,high,low,10,namesilo,,,25/09/2026 16:59
f51e6333-ec9d-4d36-a0d2-89b92fc9bd0c,serotonin.diamonds,available,54.99,54.99,high,low,9,namesilo,,,16/09/2026 12:37
65c6017e-e246-4c5b-b1b1-e32be40e72fe,thunderous.diamonds,available,75.99,75.99,medium,low,10,name.com,,,13/08/2026 19:56
53967e3f-0a10-4366-aa7b-96ec2970e911,tree.diamonds,premium,500,,high,medium,4,name.com,,,30/09/2026 11:12
b6e804b4-0d70-4010-8313-982c8ffb4d45,roseville.diamonds,premium,118.8,118.8,high,low,9,namesilo,,,02/10/2026 01:09
656ba8c8-d358-43d9-836a-c3190338d02c,beirut.diamonds,available,57.98,72.98,high,low,6,namecheap,,,22/09/2026 18:14
1da63150-7f85-457c-b286-b542a5abaacb,especially.diamonds,available,54.99,54.99,medium,low,10,namesilo,,,28/09/2026 14:41
5e59e010-e0c9-4256-b8e3-6ef3dd540a64,figures.diamonds,available,54.99,54.99,medium,low,7,namesilo,,,
33eaf40e-8302-469f-8de6-3fe53c7f9f39,dayspring.diamonds,available,54.99,54.99,high,low,9,namesilo,,,11/09/2026 02:07
cd0f7915-0352-4342-8cf3-d15ecd7b7111,gardiner.diamonds,available,54.99,54.99,medium,low,8,namesilo,,,25/09/2026 06:17
5d5244fa-756b-4bae-b124-87ff6d7da35f,whyte.diamonds,available,43.67,43.67,high,low,5,spaceship,,,29/09/2026 10:00
c200ed09-937e-48b5-b1ca-32dfa25bb550,unsullied.diamonds,available,57.98,72.98,medium,low,9,namecheap,,,10/09/2026 18:19
208233f0-0db1-4e52-9386-54411465cafc,foggy.diamonds,available,54.99,54.99,medium,low,5,namesilo,,,10/08/2026 16:21
a2a3766c-ace0-47cb-b570-79d19980810a,hulk.diamonds,available,42.2,42.2,high,low,4,cloudflare,,,29/09/2026 13:05
05ef18b6-4844-4ecd-94fd-17a3623e0629,detailed.diamonds,available,54.99,54.99,high,low,8,namesilo,,,24/09/2026 07:09
65058f36-927b-4e04-b7ea-f0c24a1d3bc5,dennis.diamonds,available,54.99,54.99,high,low,6,namesilo,,,25/09/2026 13:58
7962b386-5842-4039-8a1b-dce9a0a15377,ppb.diamonds,available,43.67,43.67,medium,low,3,spaceship,,,02/10/2026 17:48
3f9778c5-1927-4cfb-a1c0-1aa2c562dc9d,malign.diamonds,available,54.99,54.99,medium,low,6,namesilo,,,24/08/2026 13:54
b45c558e-206a-41db-85f6-df532d56a2ff,ephemeral.diamonds,available,54.99,54.99,high,low,9,namesilo,,,17/08/2026 10:17
b9cdd2b4-3313-4580-ac87-28a4b7baf6b9,reluctant.diamonds,available,54.99,54.99,medium,low,9,namesilo,,,24/08/2026 08:21
a35c23e7-ceed-42ec-ba48-6f52799cc43d,armless.diamonds,available,57.98,72.98,medium,low,7,namecheap,,,06/08/2026 19:54
4d410f08-b5c3-4358-bb1c-23acad9d6463,nur.diamonds,available,43.67,43.67,medium,low,3,spaceship,,,28/09/2026 15:38
2c5b0703-58cd-4ec5-a6b1-4efbe7006a18,poisons.diamonds,available,54.99,54.99,low,low,7,namesilo,,,02/10/2026 03:39
c0b8fcc5-1d6d-44af-9eb3-b7576b41c537,epicure.diamonds,available,54.99,54.99,high,low,7,namesilo,,,17/08/2026 10:42
bbb925d4-b28b-42c6-b65f-456f401619eb,antilog.diamonds,available,54.99,54.99,medium,low,7,namesilo,,,19/09/2026 14:38
ae59f68e-b128-45f4-ae3d-c25a829995cd,screw.diamonds,available,54.99,54.99,high,low,5,namesilo,,,18/08/2026 17:26
8d67c88a-49b2-4dc0-858d-2155eca39530,putney.diamonds,available,45.16,45.16,medium,low,6,dynadot,,,30/09/2026 13:43
1db80a6e-8c1f-4f7a-8d10-eb9305694dcc,challenges.diamonds,available,42.2,42.2,medium,low,10,cloudflare,,,29/09/2026 11:27
995360b7-b188-47bf-b1dd-cf259a8b420d,ride.diamonds,available,54.99,54.99,high,low,4,namesilo,,,29/09/2026 00:38
9606f25a-7d39-40c0-a4c9-e967774ba4bd,sate.diamonds,available,54.99,54.99,medium,low,4,namesilo,,,09/09/2026 14:30
1da8123c-8d90-4e4f-9073-5e4c7854dbf1,musset.diamonds,available,54.99,54.99,medium,low,6,namesilo,,,18/09/2026 06:29
26f546ca-9723-4347-9ec9-8ec4a7aeb266,jaunty.diamonds,available,54.99,54.99,high,low,6,namesilo,,,12/08/2026 06:01
236f64f5-05f8-4568-9a9e-be579f201be7,deletion.diamonds,available,57.98,72.98,medium,low,8,namecheap,,,24/09/2026 21:34
0e25a14b-dcc2-43d3-998c-27464181e340,overflowing.diamonds,available,57.98,72.98,high,low,11,namecheap,,,01/10/2026 05:59
00fc5f65-2f27-42f4-816d-77e13ef076c2,anticancer.diamonds,available,54.99,54.99,high,low,10,namesilo,,,22/09/2026 06:38
1baddfc5-b51b-4d9f-b609-3f5ab4b73129,pittsfield.diamonds,available,43.67,43.67,medium,low,10,spaceship,,,29/09/2026 07:52
1ec5dfaa-8baa-4cf2-bdbd-e0e40046cf72,defamation.diamonds,available,54.99,54.99,high,low,10,namesilo,,,02/10/2026 14:32
6b105fd2-4a54-4353-92fc-51ebe0619317,kingly.diamonds,available,54.99,54.99,high,low,6,namesilo,,,22/08/2026 16:17
aaab3360-d52f-44b3-8de4-2de8f6939109,doha.diamonds,available,57.98,72.98,high,low,4,namecheap,,,23/09/2026 13:38
d0e4d214-d886-4e31-805e-3266e2a92f84,resembles.diamonds,available,43.67,43.67,medium,low,9,spaceship,,,30/09/2026 07:07
987d962f-4328-42c1-8163-1458a0ee43f9,perished.diamonds,available,45.16,45.16,low,low,8,dynadot,,,29/09/2026 23:59
e52481d0-72d4-4e86-8bad-70720d8d89ce,painter.diamonds,available,45.16,45.16,high,low,7,dynadot,,,27/09/2026 12:44
7219fc58-dfa5-4fd0-b099-80d3ae18ab62,quieten.diamonds,available,54.99,54.99,medium,low,7,namesilo,,,11/08/2026 15:02
43bc28c1-7072-40a7-bdf3-0751ee7b0393,ranch.diamonds,available,54.99,54.99,high,low,5,namesilo,,,25/09/2026 22:09
ba5366c1-a883-405c-8308-ca2d9622c729,pembroke.diamonds,available,57.98,72.98,medium,low,8,namecheap,,,02/10/2026 16:22
b8bb3400-a792-4799-ae49-ddbf71a014fa,jehovah.diamonds,available,54.99,54.99,high,low,7,namesilo,,,
22dcd6aa-12d7-4cac-9120-20651ad34acd,lupin.diamonds,available,54.99,54.99,high,low,5,namesilo,,,24/08/2026 11:41
d23cd2ff-5659-4864-89e2-fb78ed95951f,tipton.diamonds,available,54.99,54.99,medium,low,6,namesilo,,,29/09/2026 04:26
47598685-9c9d-42a0-afcc-0a9da88ff9ca,sequent.diamonds,available,54.99,54.99,high,low,7,namesilo,,,
96ebaf48-ba73-4812-92a2-1c1d04cb8111,slatey.diamonds,available,54.99,54.99,medium,low,6,namesilo,,,10/09/2026 10:21
34ce6b4b-6f7d-4139-bf2a-d04e0f1c92c7,suborbital.diamonds,available,54.99,54.99,medium,low,10,namesilo,,,11/09/2026 00:34
776bd0b9-ba7e-4371-a2b3-6590128c6087,intangible.diamonds,available,57.98,72.98,high,low,10,namecheap,,,21/08/2026 21:42
0aaa55d1-3f73-4e4e-82bd-b2f467a0c7be,respecting.diamonds,available,43.77,43.77,medium,low,10,porkbun,,,01/10/2026 21:57
11f6897c-eb0f-4933-927d-f2fcf07ff230,risks.diamonds,available,54.99,54.99,medium,low,5,namesilo,,,20/09/2026 06:40
a4ae8ccb-bf45-4fe3-9774-e18cf910ff77,reticently.diamonds,available,54.99,54.99,medium,low,10,namesilo,,,15/09/2026 23:31
0e2c3884-5b76-44ba-8580-aaa3fead6c47,creating.diamonds,available,43.77,43.77,high,low,8,porkbun,,,01/10/2026 19:45
1d4c41b4-2f08-41e7-a897-930787eb18ce,manipulation.diamonds,available,42.2,42.2,high,low,12,cloudflare,,,29/09/2026 10:20
93e2200f-f424-49c0-9007-185fdeb61199,overdressed.diamonds,available,57.98,72.98,medium,low,12,namecheap,,,16/09/2026 17:42
4f2f2d88-1bfa-4d5c-99e5-c5d1d8cc40c2,wally.diamonds,available,57.98,72.98,high,low,5,namecheap,,,02/10/2026 06:39
4adb66a2-7107-4ed2-813f-502d350ff639,ashe.diamonds,available,54.99,54.99,high,low,4,namesilo,,,20/09/2026 10:46
6d1e8e32-430d-4e35-8211-8d7a42476b49,traders.diamonds,available,72.98,,high,low,7,namecheap,,,
90ba3977-9aff-409a-a82b-9e396d9c113e,haute.diamonds,available,54.99,54.99,high,low,5,namesilo,,,02/10/2026 17:29
f62f197e-6cb0-42ad-a35a-162d77d0bb04,swoon.diamonds,available,57.98,72.98,high,low,5,namecheap,,,17/08/2026 21:03
c9d23d10-74ab-4d18-95c7-33bba36d7fb0,assayer.diamonds,available,57.98,72.98,medium,low,7,namecheap,,,20/09/2026 15:59
4b8dd623-0a8a-4257-822a-a015f6f00d8d,bennett.diamonds,available,57.98,72.98,high,low,7,namecheap,,,23/09/2026 08:31
780898ca-9df2-4e81-8c1e-c5cf0645ad72,distribute.diamonds,available,45.16,45.16,high,low,10,dynadot,,,28/09/2026 00:20
74acc40b-4bf7-488b-90e3-28f78d26dd5c,puncture.diamonds,available,43.67,43.67,high,low,8,spaceship,,,29/09/2026 20:04
a4688a89-96ec-4eb7-8f6a-7c3bc82cc0a1,although.diamonds,available,43.67,43.67,medium,low,8,spaceship,,,30/09/2026 22:29
7ba0d329-69d3-42ee-a95b-b91e197649b0,med.diamonds,available,42.2,42.2,high,medium,3,cloudflare,,,01/10/2026 20:29
b4387cf0-f095-4ee0-bf8c-38e76715b7a3,thinkers.diamonds,available,42.2,42.2,medium,low,8,cloudflare,,,30/09/2026 16:03
9202f34c-ae28-4a47-aa4d-9698faab5106,colourise.diamonds,available,54.99,54.99,medium,low,9,namesilo,,,12/08/2026 17:38
768b4793-2ecd-4342-943c-7b86f0424cd4,subordinates.diamonds,available,54.99,54.99,low,low,12,namesilo,,,02/10/2026 13:14
1c98623b-35dc-46fd-a4d0-5cbf7507cfc6,getting.diamonds,available,43.77,43.77,high,low,7,porkbun,,,28/09/2026 17:59
a5d51281-e829-49b4-944e-f5e4fab40881,anhydrous.diamonds,available,54.99,54.99,medium,low,9,namesilo,,,
fa6ed792-b4f5-4794-b7ba-bbd33d03c0a7,yowl.diamonds,available,54.99,54.99,medium,low,4,namesilo,,,23/09/2026 06:24
94af1be1-1606-4eb1-b99a-c1e2168e2aba,banderilla.diamonds,available,57.98,72.98,medium,low,10,namecheap,,,22/09/2026 01:12
5f8c871c-293d-48d0-8045-7e9e0fc6eb34,romeo.diamonds,available,54.99,54.99,high,low,5,namesilo,,,27/09/2026 05:10
91fcaf3f-7891-476a-ae37-410540a9e2ff,plotted.diamonds,available,57.98,72.98,high,low,7,namecheap,,,21/09/2026 22:10
63fdce31-ee63-4ed4-b71c-629ecb6b7938,backslash.diamonds,available,43.77,43.77,high,low,9,porkbun,,,01/10/2026 00:11
102d94a0-5cd5-4b4d-8c0d-ab166430cdc9,cradle.diamonds,available,54.99,54.99,high,low,6,namesilo,,,29/09/2026 06:28
2893e8f5-d480-45c4-88a4-175f232d3d61,via.diamonds,available,43.67,43.67,high,medium,3,spaceship,,,28/09/2026 15:38
431358da-c2da-4d88-94b6-613b33f408b0,individuality.diamonds,available,54.99,54.99,medium,low,13,namesilo,,,01/10/2026 14:25
065d6e6d-a7db-48ac-9f23-ad3b9471fdeb,demonstrate.diamonds,available,42.2,42.2,high,low,11,cloudflare,,,28/09/2026 11:13
a0b7992f-51fc-447e-9ab1-66fe7b174c4d,pascual.diamonds,available,43.67,43.67,medium,low,7,spaceship,,,02/10/2026 02:24
be7d0bd6-d90a-46b6-9a28-e509c8b40b20,comparisons.diamonds,available,54.99,54.99,medium,low,11,namesilo,,,02/10/2026 12:56
425f372e-618d-4194-9b97-a4736a0fa11c,favour.diamonds,available,54.99,54.99,high,low,6,namesilo,,,25/09/2026 05:51
2386295a-184b-460e-9127-86ae23fa8cd0,bengali.diamonds,available,54.99,54.99,medium,low,7,namesilo,,,09/08/2026 14:29
bd0eba27-f983-4cd3-8c48-681b9583f998,delusory.diamonds,available,57.98,72.98,low,low,8,namecheap,,,13/08/2026 21:18
469bf45a-529a-42e2-b532-c3a7f53ba706,orphans.diamonds,available,57.98,72.98,low,low,7,namecheap,,,28/09/2026 18:19
d42db239-c606-47c6-8fef-0036176b8d26,bottoms.diamonds,available,57.98,72.98,medium,low,7,namecheap,,,20/09/2026 18:24
a55b19d0-bf9f-4791-8b8f-249062e0fdd3,fleas.diamonds,available,54.99,54.99,medium,low,5,namesilo,,,02/10/2026 13:48
f2173e35-677e-45d2-85b8-3aefbdece2e8,iaa.diamonds,available,54.99,54.99,medium,low,3,namesilo,,,17/09/2026 07:22
22e0a3e8-14fc-40e9-bae6-e8690f303f5d,neil.diamonds,available,54.99,54.99,high,low,4,namesilo,,,25/09/2026 13:57
2b90564c-a6b7-44b7-a60c-668e07952d2c,ocular.diamonds,available,54.99,54.99,high,low,6,namesilo,,,04/09/2026 00:41
3a817ad2-fae8-450f-8a7c-326179f64d82,gut.diamonds,available,43.67,43.67,high,low,3,spaceship,,,28/09/2026 01:05
6dbbe3f1-6039-44df-bada-853cef7c6b7c,aruru.diamonds,available,54.99,54.99,medium,low,5,namesilo,,,20/09/2026 12:26
d0099f3d-31f3-4be8-af41-bf34126fb0a2,reporters.diamonds,available,43.67,43.67,medium,low,9,spaceship,,,28/09/2026 00:38
a7b86814-b3e1-4bbe-830a-2c2a0f2df425,weekend.diamonds,available,42.2,42.2,medium,low,7,cloudflare,,,29/09/2026 15:56
53868418-4d5c-4b6a-984d-460846a9bc4e,auschwitz.diamonds,available,54.99,54.99,medium,low,9,namesilo,,,21/09/2026 04:35
b951b5c9-c64e-4048-841c-898cec34a465,convex.diamonds,available,54.99,54.99,high,low,6,namesilo,,,11/08/2026 08:24
6a1a4d67-49c2-4f00-9950-4b13f9e6186b,fake.diamonds,premium,500,500,high,low,4,name.com,,,08/08/2026 23:02
947d844b-7118-4d36-a66d-0a8f4e24e796,redlands.diamonds,available,54.99,54.99,high,low,8,namesilo,,,01/10/2026 12:23
1776eaec-9b3d-41f6-9853-9cea9f6198e3,exquisite.diamonds,premium,250,250,high,low,9,name.com,,,17/08/2026 18:54
9c8ba2ee-80ac-4113-bbed-453f14c3973a,bellyband.diamonds,available,57.98,72.98,medium,low,9,namecheap,,,23/09/2026 06:51
28e0ee5c-2531-4f5a-8fc3-0c263ba9fb23,nervous.diamonds,available,54.99,54.99,medium,low,7,namesilo,,,21/09/2026 22:02
094bbece-de77-4637-97e6-099e5b975c10,saleh.diamonds,available,43.67,43.67,high,low,5,spaceship,,,29/09/2026 22:35
4bd1a142-0732-446f-98d7-ae32b40ee89b,lsa.diamonds,available,57.98,72.98,medium,low,3,namecheap,,,01/10/2026 18:39
1c198cf4-1e34-44db-89c9-fd46cc21ef7f,watched.diamonds,available,54.99,54.99,high,low,7,namesilo,,,18/09/2026 01:33
b3118351-8f02-4194-87f0-3838b5761f5b,onstage.diamonds,available,57.98,72.98,high,low,8,namecheap,,,16/09/2026 19:36
6b7f0e1a-ec54-4515-9d36-fcd4548c1e2c,critique.diamonds,available,43.67,43.67,high,low,8,spaceship,,,29/09/2026 12:05
a307aea4-e2e4-4c21-8e28-e6d2df2af4d1,unmannered.diamonds,available,54.99,54.99,low,low,10,namesilo,,,08/08/2026 07:28
840408fe-489f-4d32-9fab-e21d705c942b,considerate.diamonds,available,43.77,43.77,high,low,11,porkbun,,,01/10/2026 04:44
1c284afb-045c-4685-a342-b7bbbfdd77b8,drills.diamonds,available,42.2,42.2,medium,low,6,cloudflare,,,30/09/2026 15:41
68c998b4-887f-4674-9bec-728ab921fee9,atf.diamonds,available,57.98,72.98,high,low,3,namecheap,,,20/09/2026 20:14
7d00d580-6610-47ad-9f46-ad9ca36847e5,taunting.diamonds,available,54.99,54.99,medium,low,8,namesilo,,,14/08/2026 02:54
6dcd5ab0-8889-412d-9c10-a0516285881d,ariocarpus.diamonds,available,54.99,54.99,medium,low,10,namesilo,,,20/09/2026 05:32
f6356083-6b0c-4865-92a2-a8b0197c29f1,bodyguards.diamonds,available,43.67,43.67,low,low,10,spaceship,,,02/10/2026 13:10
cb303d8d-c13e-4531-88d5-cc75646454e4,dwight.diamonds,available,43.67,43.67,medium,low,6,spaceship,,,28/09/2026 07:54
9aeb2bad-8783-4564-b481-c9e904e5e50b,fermented.diamonds,available,45.16,45.16,medium,low,9,dynadot,,,03/10/2026 02:54
ecedf136-c825-4043-b4ca-8d569ca367b0,archibald.diamonds,available,54.99,54.99,medium,low,9,namesilo,,,25/09/2026 18:45
1696164c-42d9-4419-adc0-f5054aaaf57a,brave.diamonds,available,54.99,54.99,high,medium,5,namesilo,,,22/09/2026 12:10
7eb2171f-aaca-4c8f-bd80-c6ca21d4ceb1,senefelder.diamonds,available,54.99,54.99,medium,low,10,namesilo,,,18/09/2026 13:11
eda243bb-c9da-4108-b040-3b53ad7798ae,anatidae.diamonds,available,54.99,54.99,medium,low,8,namesilo,,,19/09/2026 03:26
fd4899ed-1e4a-4b53-b4d6-ccf2775f7150,frivolous.diamonds,available,54.99,54.99,medium,low,9,namesilo,,,18/08/2026 16:04
4c7b98c4-ada4-4300-bc13-70133457ca93,galen.diamonds,available,42.2,42.2,high,low,5,cloudflare,,,02/10/2026 15:22
a3ceda4e-a8d5-45a8-8a7c-f90f65ab3d74,platforms.diamonds,available,83.99,83.99,high,low,9,godaddy,,,01/10/2026 00:18
4b1ff756-9a32-43be-93cd-bdc6a1e345a2,edmondson.diamonds,available,42.2,42.2,medium,low,9,cloudflare,,,30/09/2026 13:39
121666c2-708a-473f-a33b-d32d2649faa0,towns.diamonds,available,45.16,45.16,high,low,5,dynadot,,,28/09/2026 07:32
bd0704cf-285b-4ec8-9fd0-660cfa028d5f,smooth.diamonds,available,75.99,75.99,high,low,6,name.com,,,24/09/2026 20:14
3fb7b2ff-351f-4bbc-b86f-62e021cd2271,lin.diamonds,available,42.2,42.2,high,low,3,cloudflare,,,28/09/2026 10:15
066331cd-b73c-4c32-bb50-c8af1bbc23c8,winsome.diamonds,available,54.99,54.99,high,low,7,namesilo,,,13/09/2026 12:37
dad7bbc3-c9c2-48e7-820c-2136c7a3a262,asserted.diamonds,available,54.99,54.99,medium,low,8,namesilo,,,07/08/2026 05:54
b11230fb-f831-46fe-8ebf-99a50167affb,lecturer.diamonds,available,43.67,43.67,high,low,8,spaceship,,,30/09/2026 10:24
eab67d6a-9632-45cf-8b6e-bed7838963d4,expanded.diamonds,available,57.98,72.98,high,low,8,namecheap,,,17/08/2026 17:57
d978e105-f607-4820-b2b3-0b8b4f308031,kingdoms.diamonds,available,45.16,45.16,medium,low,8,dynadot,,,30/09/2026 15:20
01763d2a-fee3-464d-a813-517cc13c544c,collar.diamonds,available,54.99,54.99,high,low,6,namesilo,,,20/09/2026 09:02
782647b8-89c7-4df1-b384-6f78fb203b69,totals.diamonds,available,57.98,72.98,medium,low,6,namecheap,,,20/09/2026 12:03
57b18471-2271-48be-b789-52bff6463311,cultured.diamonds,premium,78.54,78.54,high,low,8,namesilo,,,08/09/2026 09:18
73041e25-f8ec-49c7-9284-fca4118a884c,jerks.diamonds,available,57.98,72.98,medium,low,5,namecheap,,,02/10/2026 23:00
f17573fa-d830-4039-90c9-e8227133fb97,scupper.diamonds,available,54.99,54.99,medium,low,7,namesilo,,,18/09/2026 17:30
d1515913-05c1-4113-a807-02a517f9964e,bridget.diamonds,available,54.99,54.99,high,low,7,namesilo,,,29/09/2026 04:09
9a7737e8-876f-4c8e-8002-a388fceca89d,prohibit.diamonds,available,43.67,43.67,high,low,8,spaceship,,,30/09/2026 10:37
f538970a-2eaf-46c4-8949-d123d1388034,spotless.diamonds,available,54.99,54.99,high,low,8,namesilo,,,21/08/2026 20:48
39bfba3b-6ae6-4553-90c1-66be09d15732,congruous.diamonds,available,54.99,54.99,medium,low,9,namesilo,,,12/08/2026 21:56
030c5506-fc2e-4f9d-990a-8b39b9a960dc,cylinder.diamonds,available,43.67,43.67,high,low,8,spaceship,,,29/09/2026 00:34
4f863d0c-6706-4b6f-8ee1-e59f87b2a18e,approver.diamonds,available,57.98,72.98,medium,low,8,namecheap,,,19/09/2026 22:24
efcd1986-3967-4751-91b1-8c473a7a0ea7,containment.diamonds,available,54.99,54.99,high,low,11,namesilo,,,29/09/2026 10:17
3bb553dd-84c6-4636-be18-605edde13e79,strong.diamonds,available,54.99,54.99,high,low,6,namesilo,,,25/09/2026 07:58
1c498780-2fd8-4ec7-99dd-0c765bdb8185,fsc.diamonds,available,54.99,54.99,high,low,3,namesilo,,,01/10/2026 07:46
7e9ff02d-ddc3-4145-a0b9-fe10a716316c,windflower.diamonds,available,54.99,54.99,high,low,10,namesilo,,,19/09/2026 05:19
8795c442-85fa-4e8a-9c40-8542a7ed34c8,hick.diamonds,available,54.99,54.99,medium,low,4,namesilo,,,11/08/2026 09:44
83c22f48-61d0-4379-8b36-bc59462479c1,fundraiser.diamonds,available,43.67,43.67,high,low,10,spaceship,,,30/09/2026 17:25
55bde091-51a4-4faa-a4c0-f086517c3f39,expenditure.diamonds,available,57.98,72.98,high,low,11,namecheap,,,02/10/2026 11:07
360ae2c9-8520-4a84-9c81-a0a53a406803,undeniably.diamonds,available,57.98,72.98,medium,low,10,namecheap,,,16/09/2026 09:52
522cd6bc-a06b-4216-98f3-2cc2c1d8e24b,mistakes.diamonds,available,54.99,54.99,medium,low,8,namesilo,,,16/09/2026 10:20
39f7758a-69be-4f74-aff7-a34dd3d7d45b,berne.diamonds,available,54.99,54.99,medium,low,5,namesilo,,,23/09/2026 09:45
8a01ba0b-fa54-488b-8b6e-f8e6acd9ed1e,anglerfish.diamonds,available,54.99,54.99,medium,low,10,namesilo,,,18/09/2026 11:41
43ccf010-b2a4-4b7e-99d0-52ac1e596402,hourlong.diamonds,available,54.99,54.99,medium,low,8,namesilo,,,21/08/2026 14:22
91ac3274-f5c1-468f-adea-d3ba6b0ff432,aperiodic.diamonds,available,54.99,54.99,medium,low,9,namesilo,,,05/08/2026 22:30
6a544724-fb14-4a67-ba9d-30191cacf065,cape.diamonds,available,54.99,54.99,high,low,4,namesilo,,,24/09/2026 12:14
558132f0-de87-446a-b4e1-8eaadb881d39,hamish.diamonds,available,42.2,42.2,medium,low,6,cloudflare,,,30/09/2026 21:04
804f3cba-685b-4052-955a-279824777d1b,img.diamonds,available,43.67,43.67,high,medium,3,spaceship,,,03/10/2026 04:19
229c6132-6876-4c2a-be35-430da21cc72d,anuran.diamonds,available,54.99,54.99,medium,low,6,namesilo,,,05/08/2026 20:48
1f54e44a-9461-4235-a63a-11a11eac5659,sip.diamonds,available,54.99,54.99,high,low,3,namesilo,,,30/09/2026 11:16
9d701bf1-2fce-4b13-b7c6-c423bc6404d4,nicki.diamonds,available,43.67,43.67,high,low,5,spaceship,,,02/10/2026 13:22
948243ff-a468-42d4-89b4-154d776772ec,returnable.diamonds,available,54.99,54.99,high,low,10,namesilo,,,09/09/2026 15:55
64e76a3b-f996-4a75-9887-11a864e85bed,ludwig.diamonds,available,43.67,43.67,medium,low,6,spaceship,,,29/09/2026 05:16
00f53047-b34d-437e-bc03-fcc864a05ffd,endocrine.diamonds,available,54.99,54.99,medium,low,9,namesilo,,,17/08/2026 01:00
d408c718-52d8-462e-9473-5e3fb6661e60,mgmt.diamonds,available,43.67,43.67,high,low,4,spaceship,,,02/10/2026 11:45
67d055c6-6d75-48a4-af89-2cb28904155f,deal.diamonds,premium,512,512,high,low,4,namesilo,,,19/09/2026 16:06
9c13e615-d536-4bf2-8182-9ad423647359,cia.diamonds,available,54.99,54.99,high,medium,3,namesilo,,,24/09/2026 13:36
d36a672c-9d9d-47af-92eb-b611f47fa58e,onerous.diamonds,available,54.99,54.99,medium,low,7,namesilo,,,11/08/2026 10:31
8fc3f751-e8a6-4cf6-85d0-93483474e4eb,acetal.diamonds,available,54.99,54.99,medium,low,6,namesilo,,,16/09/2026 23:47
c3c74251-f7ff-4d4a-a3f7-293517ead5e5,untitled.diamonds,available,54.99,54.99,high,low,8,namesilo,,,12/09/2026 11:12
4698318f-1e5b-4fa5-bf66-2f3d7384886c,rtc.diamonds,available,54.99,54.99,high,low,3,namesilo,,,30/09/2026 12:40
2455da83-02f2-43ad-a32c-abb5b733de75,christology.diamonds,available,43.67,43.67,medium,low,11,spaceship,,,02/10/2026 21:35
86dbf98b-430a-4e80-8424-869e028728c8,iatrogenic.diamonds,available,54.99,54.99,medium,low,10,namesilo,,,21/08/2026 17:30
b992c9fa-fe1c-4f45-8237-f7f6446ea3b0,texted.diamonds,available,54.99,54.99,medium,low,6,namesilo,,,20/09/2026 17:16
aa7f479e-3066-48e2-bc80-80556a17ce5c,metabolic.diamonds,available,57.98,72.98,high,low,9,namecheap,,,24/08/2026 21:26
79ab57cc-a2aa-46b3-a9ae-c5f5167ae4e0,scary.diamonds,available,54.99,54.99,high,low,5,namesilo,,,12/08/2026 05:23
98b0fd86-a6cc-47f5-a601-b78ef90fd66d,whore.diamonds,available,75.99,75.99,high,low,5,name.com,,,13/08/2026 14:16
9e9eb3a3-3017-4a11-b3ce-8a5373a1b6df,indictment.diamonds,available,54.99,54.99,medium,low,10,namesilo,,,23/09/2026 16:05
e6d2f262-115b-4406-82ba-7d6a0ca709fe,however.diamonds,available,54.99,54.99,medium,low,7,namesilo,,,28/09/2026 11:49
1518690a-e65b-424c-84a5-bab0c004c88d,hone.diamonds,available,54.99,54.99,high,low,4,namesilo,,,08/09/2026 16:29
fa139096-339d-4c69-9433-9acbd3f4b2ba,upholstery.diamonds,available,43.67,43.67,high,low,10,spaceship,,,01/10/2026 22:01
761e8b86-a126-492c-b152-4473623187a4,himalayas.diamonds,available,54.99,54.99,high,low,9,namesilo,,,02/10/2026 15:43
38e63a68-46cc-454c-915a-8007f8fdc3ec,seasonable.diamonds,available,54.99,54.99,medium,low,10,namesilo,,,10/09/2026 00:56
a97290f0-e322-4767-a288-9e9e35fc54a4,richelieu.diamonds,available,54.99,54.99,medium,low,9,namesilo,,,20/09/2026 06:31
65e9469c-2747-467d-add3-01bc5c90f299,godmother.diamonds,available,42.2,42.2,high,low,9,cloudflare,,,01/10/2026 19:50
88f12aed-29f5-4129-bba1-a70bad9e6eab,spectators.diamonds,available,43.77,43.77,medium,low,10,porkbun,,,30/09/2026 06:28
950205a5-7101-481e-8ade-042117e89b9a,bowhead.diamonds,available,57.98,72.98,medium,low,7,namecheap,,,21/09/2026 20:32
447e6ddb-78ad-4bae-bdf8-42c038263387,feather.diamonds,available,43.67,43.67,high,low,7,spaceship,,,29/09/2026 19:02
dd63ca06-00a0-48ce-ac28-27eb3893fb99,hydraulic.diamonds,available,54.99,54.99,high,low,9,namesilo,,,21/08/2026 16:17
5d5c4762-92ab-4b5f-b026-41a56f4fdbb2,wasps.diamonds,available,43.77,43.77,medium,low,5,porkbun,,,02/10/2026 13:52
8dbedce6-c554-4924-9ec1-a6127dd06565,differentiate.diamonds,available,43.67,43.67,high,low,13,spaceship,,,01/10/2026 05:28
a5dd4118-83b7-4861-8f2e-975d918f2cd9,injured.diamonds,available,54.99,54.99,high,low,7,namesilo,,,22/08/2026 05:38
8ba45e88-e040-4a6e-8d97-de182d4bdcd2,all.diamonds,premium,260,260,high,medium,3,namecheap,,,22/09/2026 00:25
f57d5a3f-cc0c-4013-9c43-c3b2bd5fdc52,establish.diamonds,available,54.99,54.99,high,low,9,namesilo,,,22/09/2026 17:35
612642de-fcd5-4cb6-8dd4-f2fbbe2e1d4b,fia.diamonds,available,54.99,54.99,medium,low,3,namesilo,,,28/09/2026 09:02
0e70d61b-54f8-4a37-906d-ceedf5ae8616,ascus.diamonds,available,54.99,54.99,medium,low,5,namesilo,,,20/09/2026 13:28
380e4af4-ac18-411b-bbfd-4dfd462603bc,alkaline.diamonds,available,54.99,54.99,high,low,8,namesilo,,,22/09/2026 00:14
bb689e76-29d3-4e87-831c-33e8bbca32b3,butts.diamonds,available,43.77,43.77,high,low,5,porkbun,,,29/09/2026 11:36
b95abca1-47d2-446c-91ed-6122eaf0553d,hieroglyph.diamonds,available,54.99,54.99,medium,low,10,namesilo,,,21/08/2026 08:33
e4978cf4-9892-414c-a3e1-8a74649873a6,interval.diamonds,available,43.67,43.67,high,low,8,spaceship,,,29/09/2026 13:09
c629e732-c7de-44cb-a5fe-de8aa01476f5,foothold.diamonds,available,57.98,72.98,high,low,8,namecheap,,,24/09/2026 10:16
2518f242-1992-4585-a9b2-7cee17b5d313,trumbull.diamonds,available,42.2,42.2,medium,low,8,cloudflare,,,28/09/2026 14:37
e9e8731c-cf9a-453e-a17e-1e96fea52c39,lemon.diamonds,available,54.99,54.99,high,medium,5,namesilo,,,29/09/2026 09:32
0bfd1e62-a84e-464c-83c5-7f0ef4c5176a,webb.diamonds,available,54.99,54.99,high,low,4,namesilo,,,22/09/2026 21:50
b71b82d5-acba-45d7-8e60-c6935e4baac6,ballista.diamonds,available,54.99,54.99,medium,low,8,namesilo,,,20/09/2026 00:35
5d89e748-0b7d-422b-bc3d-41f4347b1406,cherbourg.diamonds,available,54.99,54.99,medium,low,9,namesilo,,,30/09/2026 09:08
73167703-c110-4b0f-aa15-724c495122ae,vhf.diamonds,available,83.99,83.99,high,low,3,godaddy,,,28/09/2026 02:03
590ee53e-0b4b-4b3b-b45b-cfbb71516393,penelope.diamonds,available,43.67,43.67,medium,low,8,spaceship,,,29/09/2026 19:00
a8b06d73-7ec2-4083-8b7d-fba12cf86a92,somali.diamonds,available,54.99,54.99,high,low,6,namesilo,,,10/09/2026 13:58
ff12b4bc-d1f5-4f34-8a4f-0a8d57ecb7ac,assumptions.diamonds,available,43.67,43.67,medium,low,11,spaceship,,,30/09/2026 00:31
45e6251e-ea79-487f-a3a9-bfb860c4b17c,tingle.diamonds,available,54.99,54.99,medium,low,6,namesilo,,,11/09/2026 16:11
23ba4f74-221b-4c26-9c29-80fc7958b074,rhomboid.diamonds,available,54.99,54.99,high,low,8,namesilo,,,09/09/2026 16:47
ce058b8c-e210-47ab-9ebe-3376af2ff481,fugly.diamonds,available,57.98,72.98,medium,low,5,namecheap,,,18/08/2026 17:49
36dc225b-eec2-4ecc-a803-270979b7a4bf,widows.diamonds,available,54.99,54.99,medium,low,6,namesilo,,,30/09/2026 00:25
f289a7b6-fa3f-48fd-9e9d-2adc513006b1,bellyache.diamonds,available,54.99,54.99,medium,low,9,namesilo,,,23/09/2026 00:26
1008a26d-a963-4d03-ab1d-93300b7f2f9a,fashioned.diamonds,available,54.99,54.99,high,low,9,namesilo,,,17/08/2026 23:02
f62fedb7-3c46-447b-9f85-a18040acc89b,hillary.diamonds,available,54.99,54.99,high,low,7,namesilo,,,27/09/2026 03:48
b3e85166-2bca-450b-b190-1f1bfa92f18d,propellant.diamonds,available,54.99,54.99,high,low,10,namesilo,,,09/09/2026 03:26
194ab4ac-e629-4360-b64c-26222debdc1e,triassic.diamonds,available,57.98,72.98,medium,low,8,namecheap,,,11/09/2026 19:21
1354dd7b-6401-4d3c-a6b8-122109e83bb6,testily.diamonds,available,54.99,54.99,low,low,7,namesilo,,,15/09/2026 09:30
548ba313-018d-4822-90fe-9fa3f19ab7bb,likeable.diamonds,available,54.99,54.99,high,low,8,namesilo,,,23/08/2026 06:11
bda0dd1b-bb8f-4b38-b90b-3eb3d575675e,withholding.diamonds,available,54.99,54.99,medium,low,11,namesilo,,,30/09/2026 06:21
4d5d1eb0-d198-4239-9f92-a31185c1b80c,managed.diamonds,available,43.67,43.67,high,low,7,spaceship,,,01/10/2026 02:50
ea53d99c-329d-4e8a-833b-8cd9e16b034c,prodigally.diamonds,available,54.99,54.99,medium,low,10,namesilo,,,15/09/2026 21:38
3db1164f-c809-49e4-9679-b40e5e882ea1,claims.diamonds,available,57.98,72.98,high,low,6,namecheap,,,25/09/2026 20:29
c1f85d27-58d2-4f41-8213-c849cdd78cc6,exchangeable.diamonds,available,43.67,43.67,high,low,12,spaceship,,,01/10/2026 23:07
2c361fa1-5b58-4b2f-ad59-18d2dc204854,node.diamonds,available,54.99,54.99,high,medium,4,namesilo,,,03/10/2026 01:28
48a92d65-36fc-4e8e-ada0-a95b25123497,kidnap.diamonds,available,45.16,45.16,medium,low,6,dynadot,,,28/09/2026 20:48
9467b4a8-d2c7-4f6f-9d1a-135916efc266,accuse.diamonds,available,42.2,42.2,medium,low,6,cloudflare,,,29/09/2026 02:41
7056ec87-ce58-4586-a781-916af506b126,heartbeat.diamonds,available,54.99,54.99,high,low,9,namesilo,,,22/08/2026 07:28
7f1e8825-3d76-46d8-9e2d-870343c64715,bait.diamonds,available,54.99,54.99,high,low,4,namesilo,,,21/09/2026 19:42
52bbd780-5a22-4563-aa0a-4f970d40d014,oren.diamonds,available,43.67,43.67,medium,low,4,spaceship,,,02/10/2026 09:16
5b13b6b6-c68d-4c4c-b50b-24f78f580895,travis.diamonds,available,54.99,54.99,high,low,6,namesilo,,,25/09/2026 13:01
f392a9eb-03fc-4a4d-b5b3-8107fb02a070,appreciative.diamonds,available,54.99,54.99,high,low,12,namesilo,,,01/10/2026 21:37
d78b2fc6-0e2e-4a2f-acaa-9438c18ec5d7,distaste.diamonds,available,54.99,54.99,medium,low,8,namesilo,,,19/09/2026 14:55
12ae2ba0-ba4d-410e-9a53-2ff12a1bd055,execute.diamonds,available,54.99,54.99,high,low,7,namesilo,,,27/09/2026 16:26
e2f93cf9-686d-483e-8604-2c4cb469c477,usgs.diamonds,available,45.16,45.16,medium,low,4,dynadot,,,28/09/2026 03:54
afce0dd9-a977-4fcd-b189-30cbc99cafa5,voigt.diamonds,available,43.67,43.67,high,low,5,spaceship,,,02/10/2026 00:35
4a865cac-35ed-4973-af00-4a365fcbc9d3,lateen.diamonds,available,54.99,54.99,medium,low,6,namesilo,,,22/08/2026 20:29
a3b0af3b-2711-4402-b285-9ff99034bda1,sausage.diamonds,available,43.67,43.67,high,low,7,spaceship,,,30/09/2026 10:39
3ad372a1-d548-4b90-b502-44b0aa612fd4,droopy.diamonds,available,57.98,72.98,medium,low,6,namecheap,,,14/08/2026 19:43
6387a6a3-b477-423b-b7b9-7ef0c36e92a0,indicating.diamonds,available,42.2,42.2,medium,low,10,cloudflare,,,29/09/2026 10:48
364a1036-07e8-4338-8ddb-a3291c69b1d4,feelings.diamonds,available,43.67,43.67,high,low,8,spaceship,,,29/09/2026 19:09
f4ffaf45-5d7e-42c5-8e8a-5ac982a32c98,livia.diamonds,available,42.2,42.2,high,low,5,cloudflare,,,02/10/2026 09:35
b70352a7-5ff8-4aa7-8e65-97dee9c7b8e4,mollify.diamonds,available,54.99,54.99,high,low,7,namesilo,,,18/08/2026 22:10
8dde388f-5e01-4581-adb9-e5ef13d7de71,azores.diamonds,available,54.99,54.99,medium,low,6,namesilo,,,17/09/2026 02:13
3eb1f92d-6746-417f-a42a-2bc342727834,plated.diamonds,available,54.99,54.99,high,low,6,namesilo,,,17/09/2026 05:15
00e28608-0c19-4466-ba28-cffe16e76411,luxury.diamonds,premium,512,512,high,low,6,namesilo,,,30/09/2026 02:20
77f14406-c284-4807-9286-01784d4f8b97,verse.diamonds,available,54.99,54.99,high,low,5,namesilo,,,30/09/2026 07:06
cf9bc9f9-9887-46e8-bc47-cbda465210bc,adherence.diamonds,available,57.98,72.98,high,low,9,namecheap,,,17/09/2026 07:58
8a50228f-351a-4d66-bdaf-dbf14f3ebc1c,deduction.diamonds,available,43.67,43.67,high,low,9,spaceship,,,30/09/2026 09:21
73c6950d-34f5-4d2d-aca4-ce36272a6982,plankton.diamonds,available,43.77,43.77,high,low,8,porkbun,,,01/10/2026 21:18
1a30347b-2fe7-4cd9-b7dd-84353f4663ec,sweptwing.diamonds,available,54.99,54.99,medium,low,9,namesilo,,,11/09/2026 05:46
e95dfa08-2ec9-4f6f-a5c0-ddb3c75bdd72,mortars.diamonds,available,54.99,54.99,low,low,7,namesilo,,,21/09/2026 02:28
0c6ddd86-db93-4d1c-86da-c3a4733f445e,searches.diamonds,available,54.99,54.99,medium,low,8,namesilo,,,20/09/2026 07:30
2cca5eba-2219-4c7c-add5-2c4100e7aa9e,glazed.diamonds,available,54.99,54.99,high,low,6,namesilo,,,20/08/2026 14:05
042c72b0-8ebb-4776-87fd-31af9be02e1e,cyanide.diamonds,available,54.99,54.99,medium,low,7,namesilo,,,30/09/2026 09:19
a8fbed2a-199d-48b9-bc61-fe0a38e5c9b2,dwell.diamonds,available,54.99,54.99,high,low,5,namesilo,,,24/08/2026 07:49
701993e4-352d-4f0d-a229-0671b2fa74e7,dobson.diamonds,available,43.67,43.67,high,low,6,spaceship,,,03/10/2026 00:12
47d75804-3b09-4e39-9b08-cf97b3ccf6ad,spartan.diamonds,available,54.99,54.99,high,low,7,namesilo,,,19/09/2026 16:49
93101f0b-c03a-4a40-be61-862f273c6a8b,alien.diamonds,available,54.99,54.99,high,medium,5,namesilo,,,
969ddc98-2e45-4742-9412-5557455f0a48,outfits.diamonds,available,54.99,54.99,medium,low,7,namesilo,,,28/09/2026 23:41
daa98a39-2f5d-4ccb-ac1e-4c768e2005f9,monolithic.diamonds,available,54.99,54.99,medium,low,10,namesilo,,,24/08/2026 16:43
3c556d77-d711-4a0c-a256-2125a6122046,drowned.diamonds,available,54.99,54.99,medium,low,7,namesilo,,,27/09/2026 22:47
4df6065c-8546-468f-abd4-b1261d63086d,loom.diamonds,available,43.67,43.67,high,low,4,spaceship,,,02/10/2026 15:45
1d317475-9bb7-468d-895a-2904a43ad6cc,rpg.diamonds,available,43.67,43.67,high,low,3,spaceship,,,29/09/2026 20:51
fc3cf043-34af-4175-ad03-364b6a090303,seamed.diamonds,available,54.99,54.99,medium,low,6,namesilo,,,10/09/2026 00:45
98b147d8-a051-4ab1-9bdc-8071eff51dc2,imprecise.diamonds,available,54.99,54.99,medium,low,9,namesilo,,,21/08/2026 23:00
01373364-bfc6-4870-a855-823e7068cbcc,volute.diamonds,available,54.99,54.99,medium,low,6,namesilo,,,12/08/2026 16:14
4cd36393-9570-47c0-914d-007853ad6a7a,nicely.diamonds,available,54.99,54.99,high,low,6,namesilo,,,15/09/2026 16:32
15adbced-b951-4aaa-8015-0d3deb207fad,shevchenko.diamonds,available,43.77,43.77,medium,low,10,porkbun,,,02/10/2026 06:22
9d9126e0-0c2b-4e45-bd23-add0c56a7094,sponsoring.diamonds,available,43.77,43.77,medium,low,10,porkbun,,,01/10/2026 18:41
0df0b333-0129-4345-a263-977df7b88be9,bbc.diamonds,available,,,high,medium,3,,,,
f2e3f4bf-5418-4303-add5-6200e7c873ed,hoover.diamonds,available,42.2,42.2,high,low,6,cloudflare,,,30/09/2026 17:36
023acc98-11e8-4725-b3bf-61324ad01f78,beeline.diamonds,available,54.99,54.99,high,low,7,namesilo,,,23/09/2026 01:18
f496a44a-6d73-469d-8238-be56e6d2b556,unexcited.diamonds,available,54.99,54.99,medium,low,9,namesilo,,,12/09/2026 09:30
ab8b7405-5d07-43a4-be18-73b647f5183c,method.diamonds,available,54.99,54.99,high,low,6,namesilo,,,27/09/2026 14:54
4824e99a-8c85-4a0d-98f1-914ca587e28b,paperwork.diamonds,available,54.99,54.99,high,low,9,namesilo,,,28/09/2026 02:53
9a8a9746-5fab-4d1f-b5bd-1a1b30d3af4f,gibbs.diamonds,available,54.99,54.99,high,low,5,namesilo,,,25/09/2026 06:33
5e5a4f92-1fe8-4195-9375-edf797a6b6bc,wilfrid.diamonds,available,43.67,43.67,medium,low,7,spaceship,,,29/09/2026 09:35
53f1cb25-6333-4e69-a996-59b24bff3fc1,onto.diamonds,available,54.99,54.99,high,low,4,namesilo,,,01/10/2026 02:29
0b9c3332-4798-454b-9fb0-666dd7cb786f,brute.diamonds,available,54.99,54.99,high,low,5,namesilo,,,
35e3d224-f55f-4cb9-b210-24a74a0239c5,dismiss.diamonds,available,43.67,43.67,high,low,7,spaceship,,,29/09/2026 15:34
24b78975-92a5-4078-9e11-b39f1df6521b,lecherous.diamonds,available,54.99,54.99,medium,low,9,namesilo,,,22/08/2026 22:17
9ac1a494-6436-4884-9b6b-f50d442c6b20,cyrus.diamonds,available,45.16,45.16,medium,low,5,dynadot,,,28/09/2026 13:50
03209c0b-a5eb-4659-884c-f4cca2a3ffe1,naughty.diamonds,available,57.98,72.98,high,low,7,namecheap,,,18/08/2026 20:00
681b9fb4-fa73-469d-aec9-c6c7a9b30d43,caledonian.diamonds,available,43.67,43.67,high,low,10,spaceship,,,28/09/2026 21:31
4ee277a5-c4a4-4849-be81-abe34a8324d6,supposedly.diamonds,available,43.67,43.67,medium,low,10,spaceship,,,28/09/2026 16:34
74dff30a-41df-4666-96d5-03128ea466fa,seditious.diamonds,available,54.99,54.99,medium,low,9,namesilo,,,22/08/2026 01:29
3cb003d9-ad13-446c-a547-d063499f350d,laudable.diamonds,available,54.99,54.99,medium,low,8,namesilo,,,06/08/2026 07:01
0ef9e04a-e32f-4f0a-866d-13263943e3d0,middlebury.diamonds,available,45.16,45.16,medium,low,10,dynadot,,,29/09/2026 15:53
1543ff8b-e963-4b03-9685-61102e382873,mehmet.diamonds,available,45.16,45.16,medium,low,6,dynadot,,,30/09/2026 20:59
bab592a3-875e-484d-9a79-48dce6ccb3f0,annapolis.diamonds,available,54.99,54.99,medium,low,9,namesilo,,,19/09/2026 10:10
83446165-1233-440a-aade-be3457351a20,dsc.diamonds,available,45.16,45.16,high,low,3,dynadot,,,29/09/2026 21:44
3960662d-2c51-4605-98d7-ef0d5e5ed3d6,automation.diamonds,available,54.99,54.99,high,medium,10,namesilo,,,02/10/2026 03:50
ac990211-babc-4f21-afd4-fa306c729a07,entree.diamonds,available,57.98,72.98,high,low,6,namecheap,,,16/09/2026 22:08
157776e7-b75e-4dd5-86db-88230ab23f50,claiming.diamonds,available,43.67,43.67,high,low,8,spaceship,,,28/09/2026 11:29
89366b54-8190-4104-bb96-6b1e32458519,compiling.diamonds,available,57.98,72.98,high,low,9,namecheap,,,02/10/2026 14:44
e99327a1-cf62-40cd-a324-4726327bc97e,assuring.diamonds,available,54.99,54.99,medium,low,8,namesilo,,,07/08/2026 08:31
b8dcb457-ac85-480e-8dab-900a0c26a181,toa.diamonds,available,42.2,42.2,high,low,3,cloudflare,,,02/10/2026 17:59
366496d8-e0bf-4a81-85ca-4b473ac8ee84,resonator.diamonds,available,57.98,72.98,high,low,9,namecheap,,,02/10/2026 14:37
e2725fa5-7ee1-42fd-8121-94c20bfd36e8,atheism.diamonds,available,57.98,72.98,medium,low,7,namecheap,,,20/09/2026 20:31
8fa3b04c-cb7f-4a5a-96c1-d6512f897946,relativity.diamonds,available,54.99,54.99,high,low,10,namesilo,,,29/09/2026 12:09
2bab3237-faf4-4115-9adf-d9c26f330ed0,accentor.diamonds,available,75.99,75.99,medium,low,8,name.com,,,16/09/2026 21:58
f41bdf5b-0ec1-4a68-bc8f-211363ab1bd7,inhalant.diamonds,available,54.99,54.99,high,low,8,namesilo,,,22/08/2026 05:02
1a00c505-ca85-4e5b-8f59-2bfec25abfd7,ryan.diamonds,available,54.99,54.99,high,medium,4,namesilo,,,17/09/2026 00:32
c8f905b3-c24a-445e-afab-3a4a753c6024,variational.diamonds,available,54.99,54.99,high,low,11,namesilo,,,01/10/2026 06:35
56598241-65f9-40fc-9fbd-51fe3235c55e,pfa.diamonds,available,43.67,43.67,high,low,3,spaceship,,,02/10/2026 20:00
780fda05-1141-4145-a4fb-b102240092dc,greatness.diamonds,available,43.67,43.67,medium,low,9,spaceship,,,28/09/2026 17:18
42a09905-e380-49bd-8ef2-9d2f7e62840c,unimodal.diamonds,available,54.99,54.99,medium,low,8,namesilo,,,12/09/2026 13:07
34f9b599-498b-4337-a973-26196d150a46,heptad.diamonds,available,54.99,54.99,medium,low,6,namesilo,,,
03bf38f8-986e-4e3f-9d08-e100b17f4c78,paternal.diamonds,available,54.99,54.99,high,low,8,namesilo,,,
c1920cb6-3d67-4837-9b7e-edf905307693,infections.diamonds,available,54.99,54.99,low,low,10,namesilo,,,30/09/2026 15:33
785b240e-7eb2-4394-b7a9-988c25999835,papaw.diamonds,available,54.99,54.99,medium,low,5,namesilo,,,20/09/2026 14:12
8bac667e-afc1-405e-9c57-ee01a20e5d9c,cheeses.diamonds,available,54.99,54.99,high,low,7,namesilo,,,01/10/2026 23:44
3fd17c19-62ca-44e5-ac9c-01364044aa51,quartic.diamonds,available,54.99,54.99,high,low,7,namesilo,,,10/08/2026 05:37
fa93efe1-a462-4de1-b44b-393c569b3058,irb.diamonds,available,43.67,43.67,medium,low,3,spaceship,,,29/09/2026 03:06
b6101107-ca77-4f52-8094-599260e2dcca,retract.diamonds,available,43.67,43.67,medium,low,7,spaceship,,,01/10/2026 04:08
157ef9c4-9c52-451e-95b9-df75af1f64e7,buyer.diamonds,premium,118.8,118.8,high,low,5,namesilo,,,29/09/2026 05:39
fe453b5a-4d10-476b-833e-6be4cd36aabe,marysville.diamonds,available,43.67,43.67,medium,low,10,spaceship,,,30/09/2026 05:38
7fd3353e-1816-443e-b5fa-7af757dd2589,sycamore.diamonds,available,54.99,54.99,high,low,8,namesilo,,,16/09/2026 23:36
dae4273f-8a39-447d-93e5-ac72325d33a6,aquifer.diamonds,available,54.99,54.99,medium,low,7,namesilo,,,19/09/2026 23:11
05581118-f135-478d-bf2d-1a4efcfb67a3,snoek.diamonds,available,54.99,54.99,medium,low,5,namesilo,,,22/09/2026 07:53
37d7a298-adea-46b7-9ae0-1bab8fd8165c,polygraph.diamonds,available,42.2,42.2,high,low,9,cloudflare,,,03/10/2026 01:48
12360a63-121e-4529-bcef-9b278fce76d8,moon.diamonds,available,43.77,43.77,high,medium,4,porkbun,,,30/09/2026 03:35
6f3b881c-490a-4ae5-ba5a-d6d222d8e6b9,cfs.diamonds,available,45.16,45.16,high,low,3,dynadot,,,29/09/2026 03:24
f9ac8aae-6ce9-4c91-a6e4-628f1a965bfe,merit.diamonds,available,54.99,54.99,high,low,5,namesilo,,,29/09/2026 14:06
82e35a00-05bd-4b01-bffa-13a661bf97a6,grandpa.diamonds,available,45.16,45.16,high,low,7,dynadot,,,29/09/2026 21:12
6a22d76b-24c9-41df-bcc5-0fa28fd66769,snitcher.diamonds,available,54.99,54.99,medium,low,8,namesilo,,,19/09/2026 14:14
b6fbe4bb-70aa-40cc-9d52-7f7884af23bb,baluchi.diamonds,available,54.99,54.99,medium,low,7,namesilo,,,21/09/2026 23:42
b7f16001-a0eb-41c9-9ef4-d291e87d4e9b,nang.diamonds,available,45.16,45.16,high,low,4,dynadot,,,30/09/2026 19:24
4492cc3e-47ab-4f57-9a78-9797638c674d,bohemian.diamonds,available,54.99,54.99,high,low,8,namesilo,,,10/08/2026 17:19
3c41a93e-ab01-45f3-b351-be9c76637622,rile.diamonds,available,54.99,54.99,medium,low,4,namesilo,,,29/09/2026 14:40
b60053b8-7311-49ca-804d-4b57e65fd9b9,deane.diamonds,available,54.99,54.99,medium,low,5,namesilo,,,28/09/2026 12:11
d4edc385-3a5c-4baa-970f-faf01cc653ae,amenity.diamonds,available,57.98,72.98,high,low,7,namecheap,,,17/09/2026 19:17
6ae6efd2-7c6a-4bc7-b48d-90338e0a1bc1,coughing.diamonds,available,45.16,45.16,medium,low,8,dynadot,,,29/09/2026 18:29
d594de4a-bc76-457b-9024-d20ff20ae7b6,catalina.diamonds,available,43.67,43.67,high,low,8,spaceship,,,01/10/2026 23:03
a1cb60ea-3ad9-4b5b-837a-a9a8859da755,grave.diamonds,available,57.98,72.98,high,low,5,namecheap,,,20/08/2026 18:38
f4e20bdf-4bee-4eea-9c15-0c1a27547b6d,length.diamonds,available,54.99,54.99,high,low,6,namesilo,,,30/09/2026 02:48
51671ac2-abed-4222-ad96-3a12085d4fe2,feeler.diamonds,available,54.99,54.99,medium,low,6,namesilo,,,22/09/2026 04:48
227db5ff-db5f-41df-9b32-a9b2d8de4080,subclass.diamonds,available,43.67,43.67,medium,low,8,spaceship,,,30/09/2026 11:06
fa55e997-227a-4054-98b1-aac02d0b12cf,stonewalls.diamonds,available,54.99,54.99,low,low,10,namesilo,,,20/09/2026 14:03
838c920b-8a99-447b-b55f-e3c6277d3e95,din.diamonds,available,54.99,54.99,medium,low,3,namesilo,,,10/08/2026 13:17
73cb749b-c14f-4111-9c41-d36cdb26f45f,opportunity.diamonds,available,54.99,54.99,high,low,11,namesilo,,,27/09/2026 02:17
e78a00aa-8e10-49fc-9c53-24e84fb7f4a2,tyson.diamonds,available,54.99,54.99,high,low,5,namesilo,,,25/09/2026 23:42
d15138d2-ad16-4243-9247-4b2ac9ce770c,wasatch.diamonds,available,54.99,54.99,medium,low,7,namesilo,,,01/10/2026 10:30
be2e999e-d724-4adf-8fdb-886b051775d0,luo.diamonds,available,43.67,43.67,high,low,3,spaceship,,,29/09/2026 07:30
546391dc-5ac8-4c99-aebf-d75325e2b662,teeny.diamonds,available,54.99,54.99,high,low,5,namesilo,,,10/08/2026 08:12
5945251a-7b97-415a-ae26-b3cc3434819f,sew.diamonds,available,43.67,43.67,high,low,3,spaceship,,,29/09/2026 14:00
b9e40249-dfdf-4cad-82a5-2d4b10e1735c,sills.diamonds,available,54.99,54.99,high,low,5,namesilo,,,23/09/2026 06:04
f2c0857d-918c-4887-9814-e18aea58e6da,unpublished.diamonds,available,43.67,43.67,medium,low,11,spaceship,,,02/10/2026 01:35
ee22438b-74d7-42b6-ad91-413d7c75641d,sterope.diamonds,available,54.99,54.99,low,low,7,namesilo,,,20/09/2026 17:14
2dc8d0f5-c15e-42a0-907b-6d7be1fb0a1e,damage.diamonds,available,54.99,54.99,high,low,6,namesilo,,,25/09/2026 04:36
5c7361e2-ed45-4026-b8b4-6bdd9a1de1c7,issuer.diamonds,available,42.2,42.2,high,low,6,cloudflare,,,30/09/2026 10:16
f3891ba5-4c54-43c3-9443-f6f07f8bac45,dialects.diamonds,available,42.2,42.2,medium,low,8,cloudflare,,,02/10/2026 21:32
fec66bec-06bf-46b0-a959-e1df55b18e3a,bumping.diamonds,available,43.67,43.67,high,low,7,spaceship,,,01/10/2026 06:22
51484eec-e978-4db2-bb09-22b418e28f3f,scienter.diamonds,available,54.99,54.99,medium,low,8,namesilo,,,16/09/2026 00:44
39b7279c-60cf-495e-a972-d5fc4f5fd2ea,scapegoat.diamonds,available,43.67,43.67,medium,low,9,spaceship,,,02/10/2026 16:42
32a7b675-3fd2-425c-b31b-541622176ee0,revenge.diamonds,available,54.99,54.99,high,low,7,namesilo,,,25/09/2026 10:18
9b3ee8a7-2ad7-4e67-943f-95b510329139,organize.diamonds,available,54.99,54.99,high,low,8,namesilo,,,23/09/2026 23:13
b131a263-74de-476b-b89f-5a1259679341,hinterland.diamonds,available,54.99,54.99,high,low,10,namesilo,,,21/09/2026 14:33
ca16329e-a158-4fc0-9baf-809098157ed2,valorous.diamonds,available,54.99,54.99,medium,low,8,namesilo,,,13/09/2026 00:57
df59f40a-6f1f-4e0e-a6b5-f45a29be92d9,orphaned.diamonds,available,57.98,72.98,medium,low,8,namecheap,,,04/09/2026 18:01
bc2f0e82-21bb-4f2e-a05d-c089189ec214,beatniks.diamonds,available,57.98,72.98,medium,low,8,namecheap,,,22/09/2026 21:34
98822bdd-15cc-45bb-95f3-8bf1a47edf89,ris.diamonds,available,43.77,43.77,high,low,3,porkbun,,,02/10/2026 19:00
ad65a51e-a9e3-48dd-96be-b15bbbd6f8f8,ojibwe.diamonds,available,57.98,72.98,medium,low,6,namecheap,,,02/10/2026 08:24
669ba526-5d0d-4ae8-8e8a-c959b806ac60,seville.diamonds,available,42.2,42.2,medium,low,7,cloudflare,,,30/09/2026 18:37
0af542d9-21b3-45e3-b4cd-25f1a732adde,piffling.diamonds,available,54.99,54.99,low,low,8,namesilo,,,18/08/2026 03:35
93b74f85-9aaf-41af-b438-000b15036b00,papa.diamonds,available,54.99,54.99,high,low,4,namesilo,,,27/09/2026 04:37
04ce1434-1b86-4df6-9200-6eaf83866fa9,amiss.diamonds,available,54.99,54.99,medium,low,5,namesilo,,,
09009421-73ec-429f-8735-47992b459611,undressed.diamonds,available,54.99,54.99,medium,low,9,namesilo,,,12/09/2026 00:51
6eda5394-4426-495f-83ab-80d4ffd6a0c1,downpour.diamonds,available,54.99,54.99,high,low,8,namesilo,,,24/09/2026 16:02
ae5ad088-f04a-425e-a38e-92945390c02b,coachella.diamonds,available,43.67,43.67,high,low,9,spaceship,,,30/09/2026 22:20
4dc9abb5-3b0f-498c-8df9-5f8e1e25760c,frying.diamonds,available,54.99,54.99,high,low,6,namesilo,,,30/09/2026 09:52
c508ac1e-4cb4-48e6-b55e-c6e08dba4ab8,tigerish.diamonds,available,54.99,54.99,medium,low,8,namesilo,,,11/09/2026 15:51
e93d8add-3169-4a92-9b60-976559a410c0,ore.diamonds,available,42.2,42.2,high,low,3,cloudflare,,,30/09/2026 02:25
c74fc7c6-7582-4282-bf6b-68177aea2b32,due.diamonds,available,57.98,72.98,high,low,3,namecheap,,,22/09/2026 09:27
4676c9a8-4687-4e35-a1dc-ae5b48082307,taker.diamonds,available,43.67,43.67,high,low,5,spaceship,,,02/10/2026 16:55
3dac3fa2-c9e8-4639-8b73-317d34c2aa13,tanganyika.diamonds,available,54.99,54.99,medium,low,10,namesilo,,,29/09/2026 07:27
ed661c3a-51d4-4e6d-bbd4-8f2de632377c,debts.diamonds,available,42.2,42.2,low,low,5,cloudflare,,,28/09/2026 04:25
ff0bc19c-15d9-4d69-a674-f617420b7764,apium.diamonds,available,54.99,54.99,medium,low,5,namesilo,,,19/09/2026 17:32
c45cb661-84ad-4ec3-8031-dc5ed4736f00,arafat.diamonds,available,54.99,54.99,medium,low,6,namesilo,,,19/09/2026 23:42
92663480-a70d-4114-99b6-8a041eeb524e,overhead.diamonds,available,54.99,54.99,high,low,8,namesilo,,,26/09/2026 03:30
9555c29b-05dd-426a-93bc-96dc3f1230d6,tavares.diamonds,available,57.98,72.98,medium,low,7,namecheap,,,02/10/2026 20:29
38cf5ca9-7bb8-4861-8f1f-f1de2791172c,digestive.diamonds,available,54.99,54.99,high,low,9,namesilo,,,24/08/2026 15:24
2a136837-cb93-467d-84dc-6f6f41266714,anuria.diamonds,available,54.99,54.99,medium,low,6,namesilo,,,19/09/2026 15:55
1ef0a788-9127-44d5-98a1-9bafa5de6034,salix.diamonds,available,57.98,72.98,high,low,5,namecheap,,,30/09/2026 17:27
c9df0604-b252-41da-87ef-95f4e64ee584,geese.diamonds,available,54.99,54.99,medium,low,5,namesilo,,,
cc87827f-a61d-43c2-8498-50217c59ed76,beijing.diamonds,available,54.99,54.99,high,low,7,namesilo,,,23/09/2026 04:10
68f402e8-fada-4bd0-b409-b80a86d5ecca,download.diamonds,available,42.2,42.2,high,low,8,cloudflare,,,28/09/2026 06:58
156bdf6f-0094-4190-9a7a-61d9bda14c78,hospital.diamonds,available,42.2,42.2,high,low,8,cloudflare,,,01/10/2026 20:24
c989de59-7c02-4ec8-9268-6d75fbef7a8b,deserter.diamonds,available,54.99,54.99,medium,low,8,namesilo,,,06/08/2026 03:40
37b3d91e-ef73-49ca-ac67-0e25fb735f4e,gillett.diamonds,available,43.77,43.77,medium,low,7,porkbun,,,30/09/2026 13:39
93098393-cd43-4dd0-a84d-e331b7264e3e,wand.diamonds,available,54.99,54.99,high,low,4,namesilo,,,22/09/2026 14:13
9b6445f6-0ab6-48ba-855f-6db3187b9246,registering.diamonds,available,43.67,43.67,medium,low,11,spaceship,,,30/09/2026 23:13
6218d144-cdc0-4477-8e5b-15084af618fd,aestival.diamonds,available,54.99,54.99,medium,low,8,namesilo,,,
b77ee70e-d31e-428c-9508-a9321293cd33,subarctic.diamonds,available,54.99,54.99,medium,low,9,namesilo,,,10/09/2026 23:36
0abe415a-67ee-4888-b67d-e2cd0e9eabfa,antiphon.diamonds,available,75.99,75.99,medium,low,8,name.com,,,19/09/2026 14:56
d1f35965-1b90-450c-8300-a24c3a667717,slr.diamonds,available,54.99,54.99,high,low,3,namesilo,,,02/10/2026 02:08
1009dca8-bf0e-45ce-99a0-d6cc130b45c4,haldeman.diamonds,available,43.67,43.67,medium,low,8,spaceship,,,02/10/2026 20:18
38480587-93e4-4bef-8bc0-9b4f99a6e9a0,oldline.diamonds,available,54.99,54.99,medium,low,7,namesilo,,,04/09/2026 01:51
f2d3e4cc-7f01-4161-99ac-96406f9d04d9,excess.diamonds,available,54.99,54.99,high,low,6,namesilo,,,17/08/2026 16:06
7291b695-84d9-444c-9c3e-3d168c3e4586,realizable.diamonds,available,54.99,54.99,high,low,10,namesilo,,,21/09/2026 15:51
57070e63-9326-4af1-8583-a268ce6c3517,professors.diamonds,available,43.67,43.67,medium,low,10,spaceship,,,29/09/2026 11:19
4f45d3b4-cb39-4808-a3e8-425ab10a4598,testate.diamonds,available,54.99,54.99,medium,low,7,namesilo,,,11/09/2026 12:00
37b087f1-3c70-462d-b155-e862e703e0b6,hyoid.diamonds,available,54.99,54.99,medium,low,5,namesilo,,,21/08/2026 16:35
e2343ae0-34d1-48ad-a35d-3181c163e5a7,tubes.diamonds,available,54.99,54.99,medium,low,5,namesilo,,,20/09/2026 00:50
1e4b207c-e2ef-4e66-9ae4-b79b670384f4,probation.diamonds,available,54.99,54.99,medium,low,9,namesilo,,,28/09/2026 10:46
a69eb8b5-f22b-4cfc-b095-ee3dcb935218,improver.diamonds,available,54.99,54.99,high,low,8,namesilo,,,21/08/2026 14:58
79e9656d-fdc6-4409-9185-a98609708e40,caribbean.diamonds,available,54.99,54.99,high,low,9,namesilo,,,24/09/2026 13:00
e68918a1-b1a6-4b67-b9c9-52462509e2b3,narial.diamonds,available,54.99,54.99,medium,low,6,namesilo,,,03/09/2026 13:14
1e652a15-48ac-4e7e-9c08-7f5d80b19d53,crooner.diamonds,available,54.99,54.99,medium,low,7,namesilo,,,21/09/2026 22:42
99158cc5-177d-40eb-ac86-6e52ceac8d73,acetamide.diamonds,available,54.99,54.99,medium,low,9,namesilo,,,16/09/2026 23:49
f6eb2f60-fafa-4182-85be-a18a5fa9e6df,hosts.diamonds,available,54.99,54.99,medium,low,5,namesilo,,,18/09/2026 22:23
396e7585-16e3-445a-a095-f2bac8c2d446,depicted.diamonds,available,54.99,54.99,medium,low,8,namesilo,,,14/08/2026 02:12
40d8182f-a2f0-4511-95ed-f07f08390b03,structured.diamonds,available,54.99,54.99,high,low,10,namesilo,,,10/09/2026 22:50
084318c4-dee5-4be0-bf9a-f71ec1a35eff,rained.diamonds,available,54.99,54.99,medium,low,6,namesilo,,,20/09/2026 05:42
fe2f63c6-0d91-40d2-bc1e-35dae5dd8570,averages.diamonds,available,54.99,54.99,medium,low,8,namesilo,,,01/10/2026 00:38
09c8dc97-794b-49dc-b9d4-7e85a51f90e8,mare.diamonds,available,54.99,54.99,high,low,4,namesilo,,,29/09/2026 12:21
14f78fb3-19aa-4c72-8052-12fd2471d760,chronicle.diamonds,available,54.99,54.99,high,low,9,namesilo,,,16/09/2026 23:05
50522ba7-c101-40b6-93b1-3383e50abbb1,pike.diamonds,available,43.67,43.67,high,low,4,spaceship,,,28/09/2026 14:07
64ae7610-98d7-48a6-a2f8-9d744d129033,abettal.diamonds,available,54.99,54.99,medium,low,7,namesilo,,,16/09/2026 15:18
bbb146be-0dbd-4f2c-ac48-27d6be3a5186,roosevelt.diamonds,available,54.99,54.99,high,low,9,namesilo,,,19/09/2026 09:58
18d1b8ed-5032-4b68-a4bb-f7de24efedd2,virginity.diamonds,available,42.2,42.2,high,low,9,cloudflare,,,29/09/2026 20:35
f4770440-4ead-4b59-9a02-bc92a86e13f0,enraged.diamonds,available,54.99,54.99,medium,low,7,namesilo,,,
1616cb8d-4d90-40c8-be41-7115ac4a1f79,landed.diamonds,available,54.99,54.99,high,low,6,namesilo,,,22/08/2026 19:22
78b89f6c-3385-42f5-8f74-e658f2386aa5,unopposed.diamonds,available,54.99,54.99,medium,low,9,namesilo,,,12/09/2026 16:16
57e51126-063f-410b-9d77-45469199ee24,misconception.diamonds,available,43.67,43.67,medium,low,13,spaceship,,,02/10/2026 11:17
fd751e2b-3286-49ae-b6dd-844b1ba496f7,township.diamonds,available,43.67,43.67,high,low,8,spaceship,,,30/09/2026 19:01
0b943919-9c9b-42c5-8630-9321808e7c44,reg.diamonds,available,43.67,43.67,high,low,3,spaceship,,,28/09/2026 21:01
fd72b2b7-319a-44ed-9354-93e55d080c61,unsung.diamonds,available,57.98,72.98,medium,low,6,namecheap,,,12/09/2026 20:49
2248f8e9-74ac-4c7e-86c3-76e927ccfba6,desirous.diamonds,available,54.99,54.99,medium,low,8,namesilo,,,14/08/2026 03:49
20f62bca-8ddc-4cef-b6af-5636dd5fb0db,basting.diamonds,available,54.99,54.99,medium,low,7,namesilo,,,22/09/2026 12:43
7596795e-435b-447c-9ece-cf2209c42a74,shoddy.diamonds,available,54.99,54.99,medium,low,6,namesilo,,,12/08/2026 03:27
1b86eba1-0d55-45ee-94ba-bd22b4847809,pasted.diamonds,available,54.99,54.99,high,low,6,namesilo,,,20/08/2026 15:14
59a66815-c391-4f3f-9e40-0550da943245,eating.diamonds,available,54.99,54.99,high,low,6,namesilo,,,08/09/2026 13:35
78afa144-18f2-4114-aeb7-c47bf2733f83,interacting.diamonds,available,42.2,42.2,high,low,11,cloudflare,,,02/10/2026 07:08
fa5f09b0-fbd9-40a9-9ce1-73308b75b354,actuary.diamonds,available,54.99,54.99,high,low,7,namesilo,,,17/09/2026 05:21
5de34fca-7ec5-4305-a720-841fd5b886e1,diver.diamonds,available,43.67,43.67,high,low,5,spaceship,,,29/09/2026 00:40
d9401bf1-f32b-4f81-895a-cfa4329c2edc,streetcleaner.diamonds,available,72.98,,low,low,14,namecheap,,,
244f1ee2-4ffc-4605-a368-fafc529f9d67,bushnell.diamonds,available,57.98,72.98,medium,low,8,namecheap,,,29/09/2026 11:50
53fb0aec-0229-4e9e-aac7-dfd3319e53e9,anomic.diamonds,available,54.99,54.99,medium,low,6,namesilo,,,
7343cd11-9105-43a3-8594-21644a7c3f35,journalistic.diamonds,available,45.16,45.16,medium,low,12,dynadot,,,02/10/2026 02:11
d504292e-7809-4720-b595-c728a08268a8,cynicism.diamonds,available,57.98,72.98,medium,low,8,namecheap,,,24/09/2026 20:49
f54e2e79-04e9-41e1-a962-ece97a56f7c2,jul.diamonds,available,43.67,43.67,medium,low,3,spaceship,,,28/09/2026 21:44
93b1ebaf-4603-4c45-af31-2e1582c81f88,draws.diamonds,available,54.99,54.99,high,low,5,namesilo,,,
a53471af-3faa-4a81-acf7-c2d28a951c3e,mackinnon.diamonds,available,54.99,54.99,medium,low,9,namesilo,,,30/09/2026 04:33
6ea8793f-c3ed-4f5b-9da5-e360523ca39a,slc.diamonds,available,43.67,43.67,high,low,3,spaceship,,,30/09/2026 20:32
711c0ba3-4493-42ab-addc-ee21268af3fb,thriller.diamonds,available,54.99,54.99,high,low,8,namesilo,,,29/09/2026 14:04
112a7b2f-9c4b-4dd7-ab2b-ed977506eaee,glossary.diamonds,available,45.16,45.16,high,low,8,dynadot,,,29/09/2026 20:53
dee8d65d-7147-4d4c-a16d-000b350a8fdd,metre.diamonds,available,54.99,54.99,high,low,5,namesilo,,,25/09/2026 15:57
d3427f78-db0b-4053-9625-b508c02d278f,sinai.diamonds,available,54.99,54.99,high,low,5,namesilo,,,25/09/2026 09:30
cef5c5c1-0885-4db0-aeae-ad8246449b1d,entourage.diamonds,available,43.67,43.67,high,low,9,spaceship,,,01/10/2026 19:29
5617468e-1ace-41ae-ae37-b8382cc525a7,seating.diamonds,available,43.67,43.67,high,low,7,spaceship,,,29/09/2026 02:06
0fafba2f-704a-4cc3-afe3-4201c2c6a7ee,linelike.diamonds,available,54.99,54.99,medium,low,8,namesilo,,,23/08/2026 15:03
0dd7c1a5-4052-45f1-af95-f7dc8ba028ef,decorous.diamonds,available,54.99,54.99,medium,low,8,namesilo,,,09/08/2026 06:21
e0a22eb9-f2c6-49dd-9eb5-77eeaea1dc2e,adductive.diamonds,available,54.99,54.99,medium,low,9,namesilo,,,
4ab7f548-e22a-40c1-84e5-bde488c1199f,geniculate.diamonds,available,57.98,72.98,medium,low,10,namecheap,,,18/08/2026 21:38
7a412c4b-2339-40da-8440-3f42ea36da02,teamwork.diamonds,available,42.2,42.2,high,low,8,cloudflare,,,30/09/2026 12:52
ea3bad7e-4c7c-4281-98f4-ad7d010e3a2a,sneaker.diamonds,available,54.99,54.99,high,low,7,namesilo,,,11/08/2026 16:16
45f9c868-c711-4e44-9118-040aaf82c322,peace.diamonds,available,54.99,54.99,high,medium,5,namesilo,,,28/09/2026 22:50
e5f652a9-3bc4-4b30-a7fc-2808fcbe119f,chauncey.diamonds,available,43.67,43.67,medium,low,8,spaceship,,,29/09/2026 15:30
03ecd2a4-3dd1-431a-986d-e6d10faec687,moonless.diamonds,available,54.99,54.99,medium,low,8,namesilo,,,25/08/2026 05:54
297e289a-9aec-4e6b-8a68-8bbef3145df8,freudian.diamonds,available,54.99,54.99,medium,low,8,namesilo,,,18/08/2026 15:26
8260c303-6176-4355-8f5d-fb04a9267fbe,petite.diamonds,available,54.99,54.99,medium,low,6,namesilo,,,08/08/2026 14:24
e0dbc989-4327-452d-a85b-7a1d31d641f2,affections.diamonds,available,54.99,54.99,medium,low,10,namesilo,,,17/09/2026 07:05
b9828c4e-3822-4dc7-b7be-8062374295d2,characteristics.diamonds,available,54.99,54.99,medium,low,15,namesilo,,,
5424f5f6-0c28-4e2d-ae5f-f94530d313de,stunned.diamonds,available,54.99,54.99,high,low,7,namesilo,,,22/09/2026 03:44
8769f913-0ca3-4241-958b-c67be5cbbcf1,chock.diamonds,available,54.99,54.99,medium,low,5,namesilo,,,14/09/2026 06:47
e0a68b85-dc2b-4b51-98c6-6040a870aac3,tenerife.diamonds,available,54.99,54.99,high,low,8,namesilo,,,01/10/2026 04:01
808b6fc0-eddc-49c5-ade5-a239f45a048c,environment.diamonds,available,54.99,54.99,high,low,11,namesilo,,,03/10/2026 01:47
34bdf314-6c1d-4679-a97e-553e7f6db8e2,moving.diamonds,available,54.99,54.99,high,low,6,namesilo,,,25/09/2026 22:01
2c39ba08-4fdd-4ef9-a75e-2feb14e55bf0,protein.diamonds,available,54.99,54.99,high,low,7,namesilo,,,08/09/2026 08:51
697ab441-036d-4b2a-b542-4372f3810fa6,busted.diamonds,available,54.99,54.99,medium,low,6,namesilo,,,23/09/2026 12:06
47b2989c-94ad-47b4-952a-04ceff841f00,cpp.diamonds,available,43.67,43.67,high,low,3,spaceship,,,01/10/2026 12:13
44e31a7d-e629-4633-b9d4-dc910c956d65,bizet.diamonds,available,54.99,54.99,medium,low,5,namesilo,,,23/09/2026 23:23
3696cb9e-7301-4a82-b7c3-710f0e409094,towing.diamonds,available,54.99,54.99,high,low,6,namesilo,,,30/09/2026 03:48
3028bae8-8d8c-4876-8f4a-1d2c49796317,simplest.diamonds,available,54.99,54.99,medium,low,8,namesilo,,,29/09/2026 22:50
f1b368da-2a57-48f0-a5e9-eb60d10c9b36,audit.diamonds,available,75.99,75.99,high,low,5,name.com,,,21/09/2026 03:05
e5153635-a4fe-46b5-8fc3-5efd7068e755,attentive.diamonds,available,54.99,54.99,high,low,9,namesilo,,,22/09/2026 11:22
5819bb8c-f039-41f2-951e-e73337bac85a,jasper.diamonds,available,54.99,54.99,high,low,6,namesilo,,,30/09/2026 17:43
eab79e73-aa1e-4a89-bd42-0ecb2a4ed7de,signal.diamonds,available,54.99,54.99,high,medium,6,namesilo,,,27/09/2026 22:11
81bf76dc-3717-4dba-acad-f3e9a30f2393,randall.diamonds,available,54.99,54.99,high,low,7,namesilo,,,28/09/2026 04:02
b7877f5f-9b78-4d8a-aed0-56785316917c,balancing.diamonds,available,57.98,72.98,high,low,9,namecheap,,,21/09/2026 20:56
29dcf27e-f24a-4071-a96d-dd151059d745,aas.diamonds,available,57.98,72.98,high,low,3,namecheap,,,16/09/2026 13:41
f88cb64c-b6d2-4b9d-975f-28aaaa76e6c4,metric.diamonds,available,57.98,72.98,high,low,6,namecheap,,,25/09/2026 19:58
f92e5dd1-6e46-4bcb-aa01-4a6c7e0fc4dc,carla.diamonds,available,54.99,54.99,high,low,5,namesilo,,,27/09/2026 07:21
3b241f83-fe32-4cf9-a867-8176abb6ef09,dystopian.diamonds,available,54.99,54.99,medium,low,9,namesilo,,,14/08/2026 22:10
145046a1-8ad2-40ad-a525-35d5490aab71,truster.diamonds,available,54.99,54.99,medium,low,7,namesilo,,,23/09/2026 05:14
a62798dc-6a55-47f8-a363-7cd16508055f,premier.diamonds,available,54.99,54.99,high,low,7,namesilo,,,27/09/2026 04:55
39698a7f-6a6e-43e6-afb3-9db21ed2bf85,nerve.diamonds,available,54.99,54.99,high,low,5,namesilo,,,25/09/2026 23:41
12141e16-c08c-4d61-a1cb-63d95e78d0a3,cozily.diamonds,available,54.99,54.99,medium,low,6,namesilo,,,14/09/2026 08:48
29a2e901-b96f-4066-90b2-8421ca54367d,religions.diamonds,available,42.2,42.2,medium,low,9,cloudflare,,,30/09/2026 15:01
84288e5e-f6ee-43b4-8381-822f2b079494,governed.diamonds,available,43.67,43.67,high,low,8,spaceship,,,30/09/2026 09:56
05ecce45-fc77-4a17-a057-a841c72ae201,roam.diamonds,available,54.99,54.99,high,low,4,namesilo,,,10/09/2026 22:08
77e4ee33-9aa7-48cb-adef-85a346a49543,vine.diamonds,available,54.99,54.99,high,low,4,namesilo,,,28/09/2026 20:45
a88d738d-0df1-40f3-9c58-646334db123c,essentially.diamonds,available,43.67,43.67,medium,low,11,spaceship,,,28/09/2026 07:07
cd438483-f1ef-42ac-8f43-0f6361f86ced,inpatient.diamonds,available,54.99,54.99,medium,low,10,namesilo,,,20/09/2026 21:46
d535c8f0-8140-4bf5-a705-171a6efb2373,inca.diamonds,available,54.99,54.99,high,low,4,namesilo,,,22/08/2026 00:46
419d0e70-4bd9-4ec3-80d7-0b2b095bfa87,exploiting.diamonds,available,42.2,42.2,medium,low,10,cloudflare,,,30/09/2026 15:07
a7ecf6d5-6d64-4024-8b82-4fc4a1252797,contact.diamonds,available,83.99,83.99,high,medium,7,godaddy,,,28/09/2026 01:41
1f9f9a22-57d0-4b2c-bac8-f19b48fcdf8e,bassist.diamonds,available,54.99,54.99,medium,low,7,namesilo,,,22/09/2026 12:26
57b87356-725d-47a9-8fc1-fc3effc62e59,metals.diamonds,available,43.67,43.67,high,low,6,spaceship,,,30/09/2026 06:19
b785227b-4c4b-48fb-b601-76299cb6e35c,leasing.diamonds,available,43.67,43.67,high,low,7,spaceship,,,01/10/2026 23:15
0b28c6e5-5858-4c7d-8ac2-0062cdf29d6a,tate.diamonds,available,57.98,72.98,high,low,4,namecheap,,,18/09/2026 10:50
935997a5-98eb-4fda-94f6-2c2186b380f0,shareholder.diamonds,available,54.99,54.99,high,low,11,namesilo,,,30/09/2026 03:52
ee434de3-7d2a-4357-b8a1-17372c86e5a2,syracuse.diamonds,premium,68.51,68.51,high,low,8,spaceship,,,29/09/2026 20:20
48cadf13-b1d0-435b-9909-7f95aa9180d6,otsego.diamonds,available,42.2,42.2,medium,low,6,cloudflare,,,02/10/2026 01:06
a4fd15de-0bf7-46f3-9252-b638b7eef688,borough.diamonds,available,83.99,83.99,high,low,7,godaddy,,,01/10/2026 01:09
d1190176-95e9-4c92-ae64-f9e2363bd617,birdwatch.diamonds,available,57.98,72.98,high,low,9,namecheap,,,23/09/2026 19:35
60590bd8-811c-424c-9034-ffdd3a31cc9c,paraplegic.diamonds,available,54.99,54.99,medium,low,10,namesilo,,,08/09/2026 01:10
602f4111-056d-432f-aca5-93db06182968,antihero.diamonds,available,54.99,54.99,medium,low,8,namesilo,,,19/09/2026 14:35
0934a546-5af2-4485-907e-759d55664981,severance.diamonds,available,45.16,45.16,medium,low,9,dynadot,,,02/10/2026 04:48
7e9651c5-ab24-479b-a3dc-b5351c5fbab3,goldsmith.diamonds,available,43.67,43.67,high,low,9,spaceship,,,01/10/2026 19:50
586e334c-1f92-47ad-ab81-5d03d931975e,photographer.diamonds,available,54.99,54.99,high,low,12,namesilo,,,27/09/2026 06:12
fe92c703-9891-495e-83a2-9ef3ff484daf,dee.diamonds,available,42.2,42.2,high,low,3,cloudflare,,,28/09/2026 03:28
5692cd2e-0138-44b2-8a33-7f67b650d34b,entangled.diamonds,available,54.99,54.99,high,low,9,namesilo,,,16/08/2026 13:26
2e66a1ff-3d26-482e-a3f3-a929634ae1ab,wooden.diamonds,available,43.67,43.67,high,low,6,spaceship,,,28/09/2026 10:45
810bce53-81c9-413e-91f0-11f34630abda,hysterical.diamonds,available,54.99,54.99,medium,low,10,namesilo,,,21/08/2026 17:22
2dcd376b-8e31-40f3-b947-179e42284869,grabs.diamonds,available,54.99,54.99,medium,low,5,namesilo,,,29/09/2026 11:38
2cc9f414-5f88-4e7e-9972-10da3ad48fdd,enmeshed.diamonds,available,54.99,54.99,medium,low,8,namesilo,,,17/08/2026 09:39
0abd7834-6038-487d-a148-82abcb1ecf1c,nibbed.diamonds,available,54.99,54.99,low,low,6,namesilo,,,03/09/2026 16:57
fb448fd4-3347-44cf-b505-7cb1652d8758,rafe.diamonds,available,43.67,43.67,high,low,4,spaceship,,,02/10/2026 13:49
9c804e6f-f9e5-4cd9-8df0-bfd023ebfc87,choices.diamonds,available,54.99,54.99,high,low,7,namesilo,,,17/09/2026 06:36
f01823b1-30b8-4f1a-b02f-5900a34ca259,interruption.diamonds,available,54.99,54.99,medium,low,12,namesilo,,,29/09/2026 15:58
b47e8a6d-cce7-4fd0-aba1-0267f4e2fb41,involute.diamonds,available,54.99,54.99,high,low,8,namesilo,,,22/08/2026 09:12
bde47ce8-106e-489c-b59c-5d0aa43d7be0,illume.diamonds,available,54.99,54.99,high,low,6,namesilo,,,23/08/2026 02:41
48cda0de-e541-4857-a639-fd6d751b196c,bailee.diamonds,available,57.98,72.98,medium,low,6,namecheap,,,21/09/2026 19:04
a8358747-18d4-45e2-99d6-a2b5feb9831e,unitedly.diamonds,available,54.99,54.99,medium,low,8,namesilo,,,16/09/2026 10:08
226e3377-35fa-476a-9656-1351c987c541,concerning.diamonds,available,43.67,43.67,high,low,10,spaceship,,,28/09/2026 03:24
a2b6f24d-6630-486a-9452-f6bbb56c26b5,debauch.diamonds,available,54.99,54.99,medium,low,7,namesilo,,,13/08/2026 02:20
8331f554-4178-4e9e-9a54-ecb6514e98c2,maurer.diamonds,available,54.99,54.99,high,low,6,namesilo,,,30/09/2026 07:54
6722807b-9771-4ae3-ad3b-82900c3652ad,refusing.diamonds,available,54.99,54.99,low,low,8,namesilo,,,17/09/2026 15:40
22cbe5ae-4573-46b6-8b85-7ec7d948024e,linearly.diamonds,available,54.99,54.99,medium,low,8,namesilo,,,15/09/2026 12:25
2102b1c6-6db9-4594-9bf6-7da36bf85aba,fifty.diamonds,available,54.99,54.99,high,low,5,namesilo,,,
0aa83362-79c5-4956-b445-3da8136cef08,pedro.diamonds,available,43.67,43.67,high,low,5,spaceship,,,28/09/2026 03:54
10a4f537-2b98-4264-9e08-09c0e631d5cf,hunted.diamonds,available,54.99,54.99,medium,low,6,namesilo,,,21/08/2026 15:43
f4bdbcdf-b45d-4e52-bb42-99dc2aa07e3f,childless.diamonds,available,54.99,54.99,medium,low,9,namesilo,,,12/08/2026 05:10
d6d34c10-7ca1-4589-98f2-2acfffc740ab,dormie.diamonds,available,54.99,54.99,medium,low,6,namesilo,,,14/08/2026 16:21
c14bf157-463f-4106-9857-bda7bb955aca,boards.diamonds,available,54.99,54.99,high,low,6,namesilo,,,29/09/2026 03:05
bf30cd9c-ed58-4a97-8233-d8d58e1157cd,fireball.diamonds,available,57.98,72.98,high,low,8,namecheap,,,21/09/2026 22:35
cb4e2727-7faf-4522-99e4-4c05e0ee3342,parody.diamonds,available,54.99,54.99,high,low,6,namesilo,,,23/09/2026 11:34
ae98c6b5-6f5f-4341-a0e1-5b338a33f3cf,mesmerised.diamonds,available,54.99,54.99,medium,low,10,namesilo,,,17/08/2026 22:52
51b765e0-7a9e-40e0-a7e6-e1474e78fdde,jana.diamonds,available,54.99,54.99,high,low,4,namesilo,,,29/09/2026 15:30
42ddfa28-41ab-478e-87d5-8be784e4dfd1,voluptuous.diamonds,available,54.99,54.99,high,low,10,namesilo,,,10/08/2026 20:39
c3354cf6-2bd0-48bb-9a7f-f059f42dc880,aril.diamonds,available,54.99,54.99,medium,low,4,namesilo,,,20/09/2026 05:30
e67754ca-4762-4213-a368-2fb1f26cefc6,acedia.diamonds,available,57.98,72.98,medium,low,6,namecheap,,,16/09/2026 23:26
92ea7078-0754-4674-9319-533c53e3618b,matrimony.diamonds,available,57.98,72.98,high,low,9,namecheap,,,01/10/2026 20:29
357e4ffd-b4c4-4035-bba2-da08c1203127,dianne.diamonds,available,43.67,43.67,medium,low,6,spaceship,,,30/09/2026 05:00
6c4887c0-07dd-465a-878c-e39bb734c4e2,blether.diamonds,available,54.99,54.99,medium,low,7,namesilo,,,24/09/2026 04:49
d7ff67b2-ed68-476a-be3c-6fbaf96793b1,handbill.diamonds,available,54.99,54.99,medium,low,8,namesilo,,,11/08/2026 05:06
8762bd89-b579-43d7-a0fc-1526eb1ddcd0,coded.diamonds,available,45.16,45.16,high,low,5,dynadot,,,30/09/2026 04:05
23ef67a6-86c5-4dd1-a964-386e4c1fc74c,swishy.diamonds,available,54.99,54.99,high,low,6,namesilo,,,11/09/2026 05:54
ca40028e-99a0-4374-85ba-fe074054d833,buckshee.diamonds,available,54.99,54.99,medium,low,8,namesilo,,,11/08/2026 07:33
b004f22f-b8d4-4120-9bd7-d7ba2f4aa7ea,buddies.diamonds,available,54.99,54.99,medium,low,7,namesilo,,,29/09/2026 06:02
fc2f6884-4382-4681-815c-ab626299ddb7,dispersive.diamonds,available,54.99,54.99,medium,low,10,namesilo,,,14/08/2026 07:12
81e0e199-94df-4197-b670-a6b9bf4ba6ce,expectable.diamonds,available,57.98,72.98,medium,low,10,namecheap,,,17/08/2026 18:02
eda39d5b-5550-4d31-9d72-2849419c7df0,rufus.diamonds,available,43.67,43.67,medium,low,5,spaceship,,,28/09/2026 16:19
ed960434-3504-469e-a112-fdb54262f7f1,cry.diamonds,available,57.98,72.98,high,low,3,namecheap,,,29/09/2026 12:15
28abcf93-798e-4640-b7b5-63f3967ebee7,snapchat.diamonds,available,54.99,54.99,high,low,8,namesilo,,,02/10/2026 06:12
21d433a9-7e63-45b0-b9b9-8e2edd4539da,nguyen.diamonds,available,54.99,54.99,high,low,6,namesilo,,,28/09/2026 04:48
14ebc1de-25c8-403d-a066-455a663f335a,pawtucket.diamonds,available,54.99,54.99,medium,low,9,namesilo,,,29/09/2026 15:45
87c00ff1-f719-4e5b-8407-af17a78e8ed9,gunrunner.diamonds,available,57.98,72.98,medium,low,9,namecheap,,,20/09/2026 07:45
f455ee61-096b-4620-b96d-c8b5dbc77135,pilgrimage.diamonds,available,43.67,43.67,high,low,10,spaceship,,,29/09/2026 20:00
86cc6bc0-a723-44d0-876a-8757f45f5a05,flightless.diamonds,available,54.99,54.99,medium,low,10,namesilo,,,18/08/2026 08:09
eb283538-5f17-4f98-9bb9-d2fea03e03a8,undisciplined.diamonds,available,43.67,43.67,medium,low,13,spaceship,,,01/10/2026 06:56
8fb304ef-4b18-49ea-b2b9-fd19d0a54a32,rhino.diamonds,available,43.67,43.67,high,low,5,spaceship,,,29/09/2026 20:11
30f1db15-f74b-4cde-bb88-624b7f35e1d6,compelled.diamonds,available,54.99,54.99,low,low,9,namesilo,,,28/09/2026 23:06
14141b02-9628-434c-b8b0-d124e867578e,doctors.diamonds,available,54.99,54.99,high,low,7,namesilo,,,18/09/2026 07:41
cf3ea392-0841-4375-8061-d96c23111d4c,baccarat.diamonds,available,54.99,54.99,high,low,8,namesilo,,,21/09/2026 13:56
55a18520-ef03-4b8f-ba59-7d9f169fa1bd,mirrors.diamonds,available,43.67,43.67,medium,low,7,spaceship,,,28/09/2026 12:55
1e4290fa-4fa5-4a57-a789-6125fb3b0e77,disturbing.diamonds,available,54.99,54.99,medium,low,10,namesilo,,,14/08/2026 13:16
6d2cb007-f8bc-4176-b7c8-e69f668eeefa,accounting.diamonds,available,43.67,43.67,high,low,10,spaceship,,,01/10/2026 17:54
974a0f4d-3297-4b5e-938c-040707ea0882,hood.diamonds,available,54.99,54.99,high,medium,4,namesilo,,,27/09/2026 08:13
1349ef61-e0e9-4736-a2e6-db753f3ae0e3,psyche.diamonds,available,42.2,42.2,high,low,6,cloudflare,,,30/09/2026 04:32
3c37ceb8-e5e2-4c9b-b31b-a9d2be0d70fa,adrian.diamonds,available,54.99,54.99,high,low,6,namesilo,,,17/09/2026 09:59
86c0178d-2d4c-4da5-a7c3-264798809fc9,bag.diamonds,available,54.99,54.99,high,low,3,namesilo,,,04/09/2026 13:24
0e20e8ac-d7ed-4909-a647-e1869d3e2bd7,asystole.diamonds,available,57.98,72.98,medium,low,8,namecheap,,,20/09/2026 18:57
dea0894d-e10b-4884-a8a7-64d8409bc02a,municipal.diamonds,available,54.99,54.99,high,low,9,namesilo,,,03/09/2026 10:58
fb3dda5b-3d35-4f57-b840-97f7c9795f18,cookbook.diamonds,available,43.67,43.67,high,low,8,spaceship,,,01/10/2026 19:04
df07ffa7-2217-4aea-ab98-eaace3d4d9c7,mitterrand.diamonds,available,57.98,72.98,medium,low,10,namecheap,,,02/10/2026 04:57
da9c20c9-776a-4ccd-ada5-0c4e6c651996,holler.diamonds,available,57.98,72.98,high,low,6,namecheap,,,23/09/2026 00:27
84173ff8-3ae4-4666-b30d-8acf0587c101,thugs.diamonds,available,42.2,42.2,low,low,5,cloudflare,,,30/09/2026 15:25
a01ce4ce-fa2c-43bc-87a0-2322526020c7,integrally.diamonds,available,54.99,54.99,medium,low,10,namesilo,,,15/09/2026 08:51
794ebeac-0039-4b1e-9d94-49b27be614e3,cinque.diamonds,available,54.99,54.99,medium,low,6,namesilo,,,
6b02ed34-68fb-4a67-bae0-d9ee63714223,bradbury.diamonds,available,42.2,42.2,high,low,8,cloudflare,,,28/09/2026 13:35
552b7cf1-5e49-45fa-88ba-7c9673dcca13,rheumatic.diamonds,available,54.99,54.99,medium,low,9,namesilo,,,06/08/2026 23:05
c255cb81-0fb1-4513-8b99-dcc19e0cd113,gin.diamonds,available,57.98,72.98,high,low,3,namecheap,,,24/09/2026 18:31
5d174c42-f455-45e7-9602-c932fb7d573e,millennium.diamonds,available,54.99,54.99,high,low,10,namesilo,,,24/08/2026 23:15
173e8894-6628-4830-8b9a-bb671f5c39f7,cancel.diamonds,available,54.99,54.99,medium,low,6,namesilo,,,29/09/2026 06:25
5aa2714c-66cc-4ac3-b03b-5dd7bad26416,nubia.diamonds,available,42.2,42.2,high,low,5,cloudflare,,,01/10/2026 21:09
fe536fb9-52da-4568-9e41-d377dd1914c1,pivot.diamonds,available,43.67,43.67,high,medium,5,spaceship,,,30/09/2026 06:56
035d1c9c-cfc6-428a-b2a0-6a126235e7a9,qualified.diamonds,available,54.99,54.99,high,low,9,namesilo,,,14/08/2026 02:10
0e1c8262-a662-4d89-8fbd-a06d4a3bae4c,signifying.diamonds,available,43.67,43.67,high,low,10,spaceship,,,02/10/2026 18:09
7483a5b5-3bf9-4efc-abf3-170702453c24,waivers.diamonds,available,57.98,72.98,medium,low,7,namecheap,,,02/10/2026 22:33
73309ad3-0b34-4e0e-b1f6-f7b387a892f0,mediation.diamonds,available,54.99,54.99,high,low,9,namesilo,,,30/09/2026 02:01
a355e62b-12ad-4a9b-8246-7b1c2ea01c1b,steering.diamonds,available,54.99,54.99,medium,low,8,namesilo,,,28/09/2026 15:24
aee38077-c8f3-4343-8a3e-2a1fd90dadae,corvallis.diamonds,available,54.99,54.99,medium,low,9,namesilo,,,30/09/2026 05:45
d60de280-71f3-47df-8efd-cadf12e128f5,unturned.diamonds,available,54.99,54.99,medium,low,8,namesilo,,,12/09/2026 21:54
010dbfd8-2141-4bb8-9dc3-5f0138bc1187,language.diamonds,available,57.98,72.98,high,low,8,namecheap,,,25/09/2026 15:54
0ea5801a-353c-4b86-a4df-481a9c9f13f0,dares.diamonds,available,43.67,43.67,medium,low,5,spaceship,,,02/10/2026 02:41
9a970478-e11e-47b8-a76e-6e8643e7c6c6,resinlike.diamonds,available,54.99,54.99,medium,low,9,namesilo,,,09/09/2026 15:11
0c5d0240-6666-47b2-b246-4c344547140a,injecting.diamonds,available,57.98,72.98,low,low,9,namecheap,,,02/10/2026 22:22
a01961d9-3967-43cd-8460-981ca8750194,survived.diamonds,available,57.98,72.98,medium,low,8,namecheap,,,19/09/2026 19:18
56f5ab96-f7b8-46bc-8f15-2065b5486ee0,siblings.diamonds,available,42.2,42.2,medium,low,8,cloudflare,,,29/09/2026 10:27
4f8099ec-b1be-4ec9-8bd3-5dafc2870b0e,minutely.diamonds,available,54.99,54.99,medium,low,8,namesilo,,,15/09/2026 15:04
b028effe-e739-4bb2-a76e-f5c1d223232a,surgery.diamonds,available,57.98,72.98,high,low,7,namecheap,,,02/10/2026 23:55
5c791423-26e3-481f-b0eb-c09a23f396cf,substitute.diamonds,available,54.99,54.99,high,low,10,namesilo,,,22/09/2026 02:40
65bd8ee4-0add-4874-b852-2cf150c8cd17,vinnie.diamonds,available,43.67,43.67,medium,low,6,spaceship,,,30/09/2026 21:20
0b0e12f9-8d02-468d-ac95-3861a7777483,juarez.diamonds,available,43.67,43.67,medium,low,6,spaceship,,,29/09/2026 18:22
17084490-9a49-4393-af86-b9acc6d86731,umar.diamonds,available,54.99,54.99,high,low,4,namesilo,,,29/09/2026 11:35
425646a2-a1dd-4681-b8e5-0f33e80c6f63,peralta.diamonds,available,43.67,43.67,medium,low,7,spaceship,,,01/10/2026 17:33
ac3cec98-bc56-4979-b969-de7748a937b7,lenore.diamonds,available,43.67,43.67,medium,low,6,spaceship,,,02/10/2026 09:08
9a3da5f7-3693-49de-bb49-a0c3284bd3c9,vertex.diamonds,available,54.99,54.99,high,low,6,namesilo,,,19/09/2026 16:44
c4606d65-ef21-4ae6-aee2-d574e6c1ef64,similarities.diamonds,available,57.98,72.98,medium,low,12,namecheap,,,30/09/2026 06:01
849be4d5-abd6-489e-bb87-114dc4616e92,amniote.diamonds,available,57.98,72.98,medium,low,7,namecheap,,,18/09/2026 22:28
de8bfc9d-5900-4bb5-ade9-a738c3d3f9a1,grooming.diamonds,available,54.99,54.99,high,low,8,namesilo,,,02/10/2026 05:08
dbffb580-2dc4-4740-a1ab-92e36a9bbb77,toon.diamonds,available,54.99,54.99,high,low,4,namesilo,,,19/09/2026 09:01
2df89e62-694d-4443-8dcf-a821ffd9aec8,steak.diamonds,available,43.67,43.67,high,low,5,spaceship,,,30/09/2026 11:53
acb60db1-0f64-480a-bd22-c0bb4f9d8ffe,textbook.diamonds,available,54.99,54.99,high,low,8,namesilo,,,23/09/2026 13:09
7c2c3d7e-ca6a-4b94-92e3-47a2cab31b38,inky.diamonds,available,54.99,54.99,medium,low,4,namesilo,,,22/08/2026 05:42
d60173e6-f712-4a4d-b9bd-804c222b46d1,dearborn.diamonds,available,43.77,43.77,high,low,8,porkbun,,,03/10/2026 02:51
f02751d9-af89-488d-b254-bea8a3ea0a0b,mole.diamonds,available,42.2,42.2,high,low,4,cloudflare,,,27/09/2026 11:53
64823981-f7bf-44ef-a2c4-df140c84eefc,paternity.diamonds,available,43.67,43.67,high,low,9,spaceship,,,01/10/2026 02:01
32653ad9-2427-440a-90b4-4a57d6962bf7,anticipating.diamonds,available,43.67,43.67,medium,low,12,spaceship,,,02/10/2026 02:52
365f98ae-674e-4758-acff-73e3e68dc77a,botany.diamonds,available,54.99,54.99,high,low,6,namesilo,,,01/10/2026 02:32
8ff14ae5-dac8-4ba6-9d0f-282bb800ff24,toulouse.diamonds,available,57.98,72.98,high,low,8,namecheap,,,27/09/2026 05:47
55986398-2d6b-44d0-b623-7e4eec13517d,unabashed.diamonds,available,54.99,54.99,medium,low,9,namesilo,,,11/09/2026 23:19
1e20e677-694c-47bf-8a29-9d20539048ed,unspotted.diamonds,available,57.98,72.98,medium,low,9,namecheap,,,12/09/2026 20:15
c3dbe9e3-3785-427c-86dd-795f3685f196,dipping.diamonds,available,43.67,43.67,high,low,7,spaceship,,,30/09/2026 14:42
f4635d34-4675-412f-9657-985c3d3bf090,bae.diamonds,available,57.98,72.98,high,low,3,namecheap,,,02/10/2026 04:02
4ea9ffe8-d8cf-4843-93f6-82a8fa463c8a,reckon.diamonds,available,54.99,54.99,high,low,6,namesilo,,,30/09/2026 09:37
15f70eb5-c9c7-4298-89e7-62aec5f3a047,razorback.diamonds,available,54.99,54.99,high,low,9,namesilo,,,09/09/2026 10:48
536cce9c-d293-4770-a2d7-907baad395b3,maneuver.diamonds,available,43.67,43.67,high,low,8,spaceship,,,29/09/2026 18:49
19060b58-99bc-4227-b543-bb7fb4a17941,hex.diamonds,available,54.99,54.99,high,medium,3,namesilo,,,21/08/2026 07:35
d1112f5a-30c5-4c45-84ee-bae664f857c2,benghazi.diamonds,available,54.99,54.99,medium,low,8,namesilo,,,23/09/2026 08:04
4583e38b-1701-417f-9b02-908c02e10267,demise.diamonds,available,54.99,54.99,high,low,6,namesilo,,,14/08/2026 21:56
8ca25bb2-d6b8-4ecc-a470-0b1760f0552c,ablaut.diamonds,available,54.99,54.99,medium,low,6,namesilo,,,16/09/2026 16:06
f4a1cc47-a650-45dc-aa00-ca410e1e47a6,mentation.diamonds,available,54.99,54.99,medium,low,9,namesilo,,,11/09/2026 13:33
e7a621ce-026d-431f-b605-789c1a649811,bleary.diamonds,available,54.99,54.99,medium,low,6,namesilo,,,10/08/2026 13:59
e2b7e4a5-8f03-43c0-b546-da0b6fc626ec,cappadocia.diamonds,available,43.67,43.67,high,low,10,spaceship,,,02/10/2026 14:34
5d46e263-5f71-4b51-962a-d5c155e46dc8,harmonious.diamonds,available,54.99,54.99,high,low,10,namesilo,,,21/08/2026 01:03
eca4f11c-8a10-48ae-bd37-4ad03b56897b,setting.diamonds,premium,220,220,high,low,7,dynadot,,,30/09/2026 04:41
50d3f7e3-ada1-4b0f-a29f-076866445b06,seminary.diamonds,available,43.67,43.67,high,low,8,spaceship,,,01/10/2026 03:37
51eb9348-d71a-4acc-a137-e427aa24aed5,aqueous.diamonds,available,54.99,54.99,medium,low,7,namesilo,,,06/08/2026 10:50
08c45a7f-6aec-4fbc-a7a3-90e02f00e8a3,camouflage.diamonds,available,57.98,72.98,high,low,10,namecheap,,,29/09/2026 06:05
c3d3b8b1-ecbc-458f-aea9-f6198fddf6fa,spattered.diamonds,available,75.99,75.99,medium,low,9,name.com,,,13/08/2026 15:15
0e22d9d7-43ee-4082-9d17-2eecb5863610,stael.diamonds,available,54.99,54.99,medium,low,5,namesilo,,,22/09/2026 07:38
d76bb6a5-800e-4b6a-945f-218457c67da3,walls.diamonds,available,54.99,54.99,high,low,5,namesilo,,,25/09/2026 16:16
689a2ad7-a771-4044-ae41-2dc3ec2cf15e,icu.diamonds,available,57.98,72.98,high,low,3,namecheap,,,29/09/2026 23:28
dec4ad0f-a661-49bf-a5de-452eb752d3c4,cartoons.diamonds,available,43.67,43.67,medium,low,8,spaceship,,,29/09/2026 00:08
b82e191e-992c-4822-b7cb-b327d3403be4,consumers.diamonds,available,54.99,54.99,medium,low,9,namesilo,,,29/09/2026 02:36
dd12a731-fb07-4b4a-8741-1b898825c0c7,environmentally.diamonds,available,54.99,54.99,medium,low,15,namesilo,,,
a11c4553-c54c-4753-92d7-73b28d0f2e06,terminate.diamonds,available,43.67,43.67,medium,low,9,spaceship,,,28/09/2026 14:01
cd9638ee-f2aa-4625-9feb-628628e1dc8e,adsorption.diamonds,available,54.99,54.99,medium,low,10,namesilo,,,17/09/2026 10:05
c5f872d8-8a0e-40a0-b57a-6875ed1d4772,gambier.diamonds,available,43.67,43.67,medium,low,7,spaceship,,,02/10/2026 22:18
b23d5770-4bd7-4ff7-8d30-3fb7aba754b7,bicyclist.diamonds,available,54.99,54.99,high,low,9,namesilo,,,23/09/2026 13:22
98500169-1e54-4ad2-b6c3-bf260a0ff49c,sensitive.diamonds,available,43.67,43.67,high,low,9,spaceship,,,27/09/2026 20:05
4aa44dcd-38c8-4498-bd4d-3c2978ffe559,nkvd.diamonds,available,42.2,42.2,medium,low,4,cloudflare,,,30/09/2026 04:47
4e766245-c439-4997-ba56-9e0138809a46,acupuncture.diamonds,available,43.67,43.67,high,low,11,spaceship,,,02/10/2026 17:27
c39708eb-c016-4a7d-a897-80df033a549e,guizhou.diamonds,available,45.16,45.16,medium,low,7,dynadot,,,02/10/2026 20:02
bd0fdbac-08cf-4f7e-8956-64bd43f09125,oneself.diamonds,available,45.16,45.16,high,low,7,dynadot,,,02/10/2026 20:15
abde0800-25e7-411c-9471-59fe2d780510,acceptive.diamonds,available,54.99,54.99,medium,low,9,namesilo,,,
bd64fe16-55eb-4de3-9bbb-ebb01eccdd3c,ruled.diamonds,available,45.16,45.16,high,low,5,dynadot,,,27/09/2026 16:50
82f991db-e117-4376-ba0b-dd0eeceb1603,ashtray.diamonds,available,54.99,54.99,high,low,7,namesilo,,,20/09/2026 14:02
0801cb2a-6ef4-48a3-a9ec-35ca53d4c8a1,handful.diamonds,available,54.99,54.99,high,low,7,namesilo,,,28/09/2026 05:45
cf9e4263-063b-4e5b-b54a-3779ec5cdf7d,attendee.diamonds,available,54.99,54.99,high,low,8,namesilo,,,21/09/2026 01:26
e9e169eb-cddb-4e7d-aa83-d58e181ac6e2,swell.diamonds,available,54.99,54.99,high,low,5,namesilo,,,08/08/2026 12:50
5af425f1-df39-45f9-b068-5c276e7aa7bd,mounted.diamonds,premium,242,242,high,low,7,namesilo,,,25/08/2026 08:34
9425d71e-b865-4a21-b60f-e3cc94f2a1ab,tipped.diamonds,available,54.99,54.99,high,low,6,namesilo,,,07/08/2026 13:33
a757a432-a78d-4a0e-a3b9-7d1d62578a13,polypropylene.diamonds,available,43.67,43.67,medium,low,13,spaceship,,,30/09/2026 23:16
48b94206-e6d9-4607-9da4-8577b46783c7,oodles.diamonds,available,54.99,54.99,high,low,6,namesilo,,,14/09/2026 23:32
f48c8305-5150-45ee-9425-ecd5d5d00ba6,izzy.diamonds,available,42.2,42.2,medium,low,4,cloudflare,,,02/10/2026 12:11
764766d7-8468-43d1-942d-3cee1a04a053,gauges.diamonds,available,43.67,43.67,medium,low,6,spaceship,,,02/10/2026 23:19
173ee3cc-3db5-49d3-8545-5f247b116e52,pedant.diamonds,available,54.99,54.99,medium,low,6,namesilo,,,09/09/2026 23:15
ed4d3a0c-f9f6-435e-bcbc-fcb37ea2d6ed,spoof.diamonds,available,54.99,54.99,high,low,5,namesilo,,,23/09/2026 11:26
4c45b056-849e-4fc2-95f1-ff0b60e54ab4,lukas.diamonds,available,43.67,43.67,high,low,5,spaceship,,,30/09/2026 04:46
452adfd2-e2fd-43ee-887f-1fac0ada9fff,undisturbed.diamonds,available,43.67,43.67,high,low,11,spaceship,,,30/09/2026 12:13
e623d4a8-e92b-4cb9-bf53-b1ecf595a0ca,brash.diamonds,available,54.99,54.99,medium,low,5,namesilo,,,11/08/2026 02:25
ba6ace18-ed82-45ec-b574-6baae7c4f01b,adverse.diamonds,available,54.99,54.99,medium,low,7,namesilo,,,
aaaa29e1-ec5f-486b-b0f0-123aae33b0b5,auk.diamonds,available,54.99,54.99,medium,low,3,namesilo,,,21/09/2026 04:07
8d9333fd-d46f-42a9-be9a-422598ef1ad7,anergy.diamonds,available,54.99,54.99,medium,low,6,namesilo,,,19/09/2026 05:29
2bcca5a5-3569-49ae-9443-0012869987c4,aisles.diamonds,available,54.99,54.99,medium,low,6,namesilo,,,02/10/2026 13:48
d4e07d38-a079-4a96-8142-aef85379aa9b,npl.diamonds,available,45.16,45.16,medium,low,3,dynadot,,,30/09/2026 20:55
a5a19c33-b29c-45f6-99e4-2f283ca4ee1f,rent.diamonds,available,54.99,54.99,high,low,4,namesilo,,,24/09/2026 13:47
950fbe20-9a9f-4174-b9a8-3bcb2c449864,monotonic.diamonds,available,54.99,54.99,medium,low,9,namesilo,,,25/08/2026 05:23
7061f1f5-7989-4efe-adef-bd51a9938be3,breeding.diamonds,available,54.99,54.99,high,low,8,namesilo,,,11/08/2026 03:36
b0fb396e-0115-4c38-88f1-1ee89d2e1b77,rank.diamonds,available,54.99,54.99,high,low,4,namesilo,,,24/09/2026 13:36
69191b5b-f63a-46d3-9cd3-99014b11861c,tout.diamonds,available,54.99,54.99,high,low,4,namesilo,,,11/08/2026 01:03
fa893fdb-8473-4e57-a0d8-ca0fcae2ee89,denys.diamonds,available,43.67,43.67,medium,low,5,spaceship,,,01/10/2026 08:46
31c84992-a7ed-4092-93ee-6c40a220d5f1,vaca.diamonds,available,43.77,43.77,medium,low,4,porkbun,,,02/10/2026 22:00
717eca71-3405-43e4-a9ae-080c5f16612f,condo.diamonds,available,54.99,54.99,high,low,5,namesilo,,,29/09/2026 10:41
06c93efd-6a9a-41d2-8d3f-d4b0b9c27b6e,jumps.diamonds,available,54.99,54.99,high,low,5,namesilo,,,
fef59c04-f959-4a63-a396-81f95b42d099,canvas.diamonds,available,54.99,54.99,high,medium,6,namesilo,,,24/09/2026 12:10
e2ee9879-83e0-4161-91b5-d134ca03b588,saloon.diamonds,available,54.99,54.99,high,low,6,namesilo,,,22/09/2026 03:40
1058b530-177a-4879-86ba-161b2cba3a8a,obtain.diamonds,available,42.2,42.2,high,low,6,cloudflare,,,30/09/2026 21:13
87d4ef06-2b25-448a-ab4e-884bb1a0efe4,prestige.diamonds,available,54.99,54.99,high,low,8,namesilo,,,29/09/2026 07:53
b011bc35-837c-42e3-9fe6-90d65cde6e66,bentonite.diamonds,available,54.99,54.99,high,low,9,namesilo,,,23/09/2026 08:46
a5eedf34-b370-48a3-8d24-cf674e7588b4,sore.diamonds,available,54.99,54.99,high,low,4,namesilo,,,
6c9b6143-ad38-4039-a980-62aa37d8b83e,piebald.diamonds,available,54.99,54.99,medium,low,7,namesilo,,,03/09/2026 10:37
9680b822-7e61-478b-be42-350e5ae01843,sung.diamonds,available,43.67,43.67,high,low,4,spaceship,,,29/09/2026 08:04
69557039-573c-47f5-a90b-4a0c5acb36bb,thither.diamonds,available,54.99,54.99,medium,low,7,namesilo,,,16/09/2026 08:57
8e55dab2-6586-4ac8-91ce-2ec4a1603770,adoptive.diamonds,available,54.99,54.99,high,low,8,namesilo,,,
2b6a11b3-8211-477b-ad52-e0a6e4e90fa6,incision.diamonds,available,54.99,54.99,high,low,8,namesilo,,,30/09/2026 01:58
539a64df-2992-4ed9-80d7-1383d053e59d,angling.diamonds,available,54.99,54.99,high,low,7,namesilo,,,19/09/2026 06:50
28b802cf-f67b-48ac-8700-214785ab50c7,sign.diamonds,available,45.16,45.16,high,low,4,dynadot,,,27/09/2026 22:02